employee_id,Department,JobRole,Gender,Age,Education,BusinessTravel,YearsAtCompany,JobLevel,MonthlyIncome,orientation_completed,manager_assigned,buddy_assigned,first_week_checkin,early_tool_actions,early_unique_tools,high_friction
1,2,7,0,41,2,2,6,2,5993,1,1,1,1,5,4,1
2,1,6,1,49,1,1,10,2,5130,1,1,1,1,3,3,1
4,1,2,1,37,2,2,0,1,2090,0,1,1,0,2,2,1
5,1,6,0,33,4,1,8,1,2909,1,1,1,1,5,4,1
7,1,2,1,27,1,2,2,1,3468,1,1,1,1,4,4,1
8,1,2,1,32,2,1,7,1,3068,1,1,1,1,4,4,0
10,1,2,0,59,3,2,1,1,2670,1,1,1,1,4,3,1
11,1,2,1,30,1,2,1,1,2693,1,1,1,1,2,2,1
12,1,4,1,38,3,1,9,3,9526,1,1,1,1,4,3,0
13,1,0,1,36,3,2,7,2,5237,1,1,1,1,6,5,0
14,1,2,1,35,3,2,5,1,2426,1,1,1,1,5,5,1
15,1,2,0,29,2,2,9,2,4193,1,1,1,1,3,3,1
16,1,6,1,31,1,2,5,1,2911,1,1,1,1,4,3,0
18,1,2,1,34,2,2,2,1,2661,1,1,1,1,2,2,1
19,1,2,1,28,3,2,4,1,2028,1,1,1,1,3,3,1
20,1,4,0,29,4,2,10,3,9980,1,1,1,1,4,4,1
21,1,6,1,32,2,2,6,1,3298,1,1,1,1,8,8,1
22,1,2,1,22,2,0,1,1,2935,1,1,1,1,3,3,1
23,2,3,0,53,4,2,25,4,15427,1,1,1,1,5,4,1
24,1,6,1,38,3,2,3,1,3944,1,1,1,1,4,4,1
26,1,4,0,24,2,0,4,2,4011,1,1,1,1,3,3,0
27,2,8,1,36,4,2,5,1,3407,1,1,1,1,3,3,0
28,1,5,0,34,4,2,12,3,11994,1,1,1,1,2,2,0
30,1,6,1,21,2,2,0,1,1232,1,1,1,1,2,2,1
31,1,6,1,34,1,2,4,1,2960,1,1,1,1,5,4,1
32,1,3,0,53,3,2,14,5,19094,1,1,1,1,6,5,0
33,1,6,0,32,1,1,10,1,3919,1,1,1,1,4,4,1
35,2,7,1,42,4,2,9,2,6825,1,1,1,1,3,3,1
36,1,0,0,44,4,2,22,3,10248,1,1,1,1,1,1,1
38,2,3,0,46,4,2,2,5,18947,1,1,1,1,5,4,0
39,1,2,1,33,3,2,1,1,2496,1,1,1,1,1,1,1
40,1,0,1,44,4,2,4,2,6465,1,1,1,1,4,4,1
41,1,2,1,30,2,2,10,1,2206,1,1,1,1,3,2,0
42,2,8,1,39,3,2,1,2,2086,1,1,1,1,1,1,1
45,1,6,1,24,3,2,2,1,2293,1,1,1,1,4,4,1
46,1,6,0,43,2,2,5,1,2645,1,1,1,1,6,5,0
47,2,8,1,50,2,2,3,1,2683,1,1,1,1,7,6,0
49,2,8,0,35,3,2,2,1,2014,1,1,1,1,4,3,1
51,1,6,0,36,4,2,1,1,3419,1,1,1,1,4,3,1
52,2,7,0,33,3,1,5,2,5376,1,1,1,1,6,4,1
53,1,2,1,35,2,2,1,1,1951,0,0,1,1,2,2,1
54,1,2,0,27,4,2,1,1,2341,1,1,1,1,3,3,1
55,1,2,1,26,3,2,1,1,2293,1,1,1,1,7,5,1
56,2,7,1,27,3,1,9,3,8726,1,1,1,1,3,3,1
57,1,2,0,30,2,1,12,2,4011,1,1,1,1,2,2,1
58,1,5,0,41,3,2,22,5,19545,1,1,1,1,1,1,1
60,2,7,1,34,4,0,9,2,4568,1,1,1,1,4,3,0
61,1,6,1,37,2,2,1,1,3022,1,1,1,1,4,3,1
62,2,7,1,46,4,1,9,2,5772,1,1,1,1,5,4,0
63,1,2,1,35,1,2,1,1,2269,1,1,1,1,3,3,1
64,1,2,1,48,2,2,1,3,5381,1,1,1,1,2,2,1
65,1,2,1,28,4,2,2,1,3441,1,1,1,1,3,3,1
68,2,7,0,44,5,2,4,2,5454,1,1,1,1,3,3,1
70,1,0,1,35,2,0,4,3,9884,1,1,1,1,4,4,0
72,2,7,0,26,3,2,2,2,4157,1,1,1,1,6,4,1
73,1,5,0,33,2,1,15,3,13458,1,1,1,1,5,4,1
74,2,7,1,35,5,1,9,3,9069,1,1,1,1,4,3,1
75,1,2,0,35,4,2,2,1,4014,1,1,1,1,4,4,1
76,1,2,1,31,4,2,7,2,5915,1,1,1,1,5,5,1
77,1,4,1,37,4,2,7,2,5993,1,1,1,1,3,3,0
78,1,4,1,32,3,2,9,2,6162,1,1,1,1,8,7,0
79,1,2,0,38,5,1,10,2,2406,1,1,1,1,2,1,1
80,1,5,0,50,2,2,27,5,18740,1,1,1,1,4,3,0
81,2,7,0,59,3,2,21,3,7637,1,1,1,1,4,4,1
83,1,0,0,36,3,2,17,3,10096,1,1,1,1,3,2,1
84,1,3,0,55,3,2,5,4,14756,1,1,1,1,3,2,1
85,1,4,1,36,3,1,6,2,6499,1,1,1,1,5,4,0
86,1,6,1,45,3,2,1,3,9724,1,1,1,1,3,3,0
88,1,6,1,35,3,1,3,1,2194,1,1,1,1,4,4,0
90,1,6,1,36,3,2,1,1,3388,1,1,1,1,3,3,1
91,2,7,0,59,1,1,4,2,5473,1,1,1,1,7,5,1
94,1,6,1,29,3,2,5,1,2703,1,1,1,1,3,3,0
95,1,6,1,31,4,2,1,1,2501,1,1,1,1,4,3,0
96,1,6,1,32,3,2,10,2,6220,1,1,1,1,4,4,0
97,1,2,0,36,3,2,1,1,3038,1,1,1,1,3,3,1
98,1,4,0,31,4,2,11,2,4424,1,1,1,1,6,6,0
100,2,7,1,35,4,2,15,2,4312,1,1,1,1,7,6,0
101,1,5,1,45,4,2,0,3,13245,1,1,1,1,3,3,0
102,1,5,1,37,4,2,5,3,13664,1,1,1,1,5,3,1
103,0,1,1,46,2,2,4,2,5021,1,1,1,1,3,3,1
104,1,2,1,30,1,2,10,2,5126,1,1,1,1,3,3,0
105,1,6,1,35,3,2,6,1,2859,1,1,1,1,4,4,0
106,2,7,1,55,2,2,1,3,10239,1,1,1,1,2,2,1
107,1,6,0,38,3,0,13,2,5329,1,1,1,1,6,5,0
110,1,4,1,34,2,2,5,2,4325,1,1,1,1,5,5,1
112,1,4,1,56,3,2,6,3,7260,1,1,1,1,2,2,1
113,2,8,1,23,1,2,0,1,2322,1,1,1,1,2,2,1
116,1,2,1,51,4,2,4,1,2075,1,1,1,1,3,3,1
117,1,0,1,30,3,2,11,2,4152,1,1,1,1,6,5,1
118,2,7,1,46,2,2,9,3,9619,1,1,1,1,2,2,0
119,1,0,1,40,4,1,22,4,13503,1,1,1,1,1,1,1
120,2,7,1,51,4,2,10,2,5441,1,1,1,1,3,3,1
121,2,7,0,30,2,2,11,2,5209,1,1,1,1,5,4,1
124,1,0,1,46,3,1,10,3,10673,1,1,1,1,3,3,1
125,2,7,1,32,4,2,11,2,5010,1,1,1,1,5,3,0
126,1,5,0,54,4,2,4,3,13549,1,1,1,1,2,2,1
128,2,7,0,24,2,2,3,2,4999,1,1,1,1,7,5,1
129,2,7,1,28,3,0,5,2,4221,1,1,1,1,2,2,0
131,2,7,1,58,4,2,37,4,13872,1,1,1,1,2,1,1
132,1,2,1,44,3,0,3,2,2042,1,1,1,1,3,2,0
133,0,1,1,37,4,2,3,1,2073,1,1,1,1,3,3,1
134,1,6,1,32,1,2,1,1,2956,1,1,1,1,2,2,1
137,1,2,0,20,3,1,1,1,2926,1,1,1,1,2,2,1
138,1,6,0,34,4,2,16,2,4809,1,1,1,1,5,4,1
139,1,0,1,37,2,0,1,2,5163,1,1,1,1,3,3,1
140,0,3,0,59,4,0,3,5,18844,1,1,1,1,2,2,0
141,1,5,0,50,3,1,8,5,18172,1,1,1,1,4,3,1
142,2,7,1,25,3,2,6,2,5744,1,1,1,1,5,5,0
143,1,6,1,25,1,2,2,1,2889,1,1,1,1,2,2,1
144,1,2,0,22,3,2,0,1,2871,1,1,1,1,2,2,1
145,1,0,0,51,4,1,13,3,7484,1,1,1,1,2,2,0
147,1,2,1,34,3,1,9,2,6074,1,1,1,1,2,2,1
148,0,3,0,54,3,0,5,4,17328,1,1,1,1,3,3,1
150,1,2,1,24,1,2,5,1,2774,1,1,1,1,4,3,1
151,1,6,0,34,4,2,1,2,4505,1,1,1,1,2,2,1
152,2,7,1,37,3,2,5,3,7428,1,1,1,1,5,5,0
153,1,3,0,34,3,2,11,3,11631,1,1,1,1,7,6,1
154,2,7,0,36,2,1,9,3,9738,1,1,1,1,3,3,1
155,1,2,0,36,2,2,1,1,2835,1,1,1,1,2,2,1
158,2,3,1,43,2,1,25,4,16959,1,1,1,1,5,5,0
159,1,6,1,30,3,1,10,1,2613,1,1,1,1,5,4,1
160,2,7,1,33,2,0,7,2,6146,1,1,1,1,5,5,0
161,1,6,0,56,4,2,5,1,4963,1,1,1,1,3,3,1
162,1,5,1,51,3,2,20,5,19537,1,1,1,1,7,6,1
163,2,7,1,31,4,2,7,2,6172,1,1,1,1,3,2,0
164,1,6,0,26,3,2,5,1,2368,1,1,1,1,4,4,0
165,1,0,0,58,4,2,40,3,10312,1,1,1,1,2,1,1
167,2,8,1,19,1,2,0,1,1675,1,1,1,1,2,2,1
169,1,2,1,22,1,2,2,1,2523,1,1,1,1,3,3,0
170,1,4,0,49,4,2,15,2,6567,1,1,1,1,6,4,1
171,1,6,0,43,3,1,3,1,4739,1,1,1,1,4,4,1
174,2,7,0,50,3,1,2,3,9208,1,1,1,1,3,2,1
175,2,7,0,31,3,2,2,2,4559,1,1,1,1,5,4,1
176,2,7,1,41,1,2,9,3,8189,1,1,1,1,4,4,1
177,0,1,0,26,1,2,8,1,2942,1,1,1,1,3,2,1
178,1,4,1,36,2,2,3,2,4941,1,1,1,1,6,6,1
179,1,4,1,51,4,1,4,3,10650,1,1,1,1,1,1,1
182,2,7,0,39,4,2,15,2,5902,1,1,1,1,3,2,0
183,2,7,1,25,3,2,2,2,8639,1,1,1,1,7,6,0
184,0,1,1,30,3,2,11,2,6347,1,1,1,1,2,2,1
190,1,2,0,32,3,2,5,1,4200,1,1,1,1,4,4,1
192,1,6,1,45,3,2,6,1,3452,1,1,1,1,7,6,1
193,1,6,0,38,5,2,3,2,4317,1,1,1,1,3,3,1
194,1,6,0,30,3,2,5,1,2632,1,1,1,1,5,5,0
195,2,7,1,32,2,1,8,2,4668,1,1,1,1,4,4,1
197,1,6,0,30,3,2,3,1,3204,1,1,1,1,4,4,0
198,1,2,1,30,1,2,5,1,2720,1,1,1,1,2,2,0
199,1,3,1,41,3,1,7,4,17181,1,1,1,1,6,6,0
200,1,2,1,41,4,2,5,1,2238,1,1,1,1,4,4,1
201,1,2,0,19,1,2,1,1,1483,1,1,1,1,6,6,0
202,1,6,0,40,3,1,20,2,5605,1,1,1,1,5,3,1
204,2,7,1,35,5,2,10,3,7295,1,1,1,1,4,4,1
205,2,8,1,53,2,2,7,2,2306,1,1,1,1,1,1,1
206,1,2,1,45,3,2,17,2,2348,1,1,1,1,5,5,1
207,2,7,0,32,3,1,9,3,8998,1,1,1,1,4,3,0
208,1,4,1,29,1,0,10,2,4319,1,1,1,1,1,1,1
211,1,4,1,51,4,2,1,2,6132,1,1,1,1,4,3,0
214,1,6,0,58,3,2,1,1,3346,0,1,0,0,2,2,1
215,2,7,1,40,4,2,12,3,10855,1,1,1,1,5,5,1
216,2,8,0,34,4,1,4,1,2231,1,1,1,1,4,4,0
217,1,6,1,22,1,2,2,1,2323,1,1,1,1,6,4,0
218,1,6,1,27,3,0,2,1,2024,1,1,1,1,6,5,0
221,1,6,1,28,3,2,5,1,2713,1,1,1,1,3,3,1
223,1,0,1,57,2,2,5,3,9439,1,1,1,1,2,2,0
224,1,6,1,27,3,0,1,1,2566,1,1,1,1,5,5,0
226,1,3,0,50,3,2,5,5,19926,1,1,1,1,3,3,1
227,1,6,1,41,3,2,9,1,2451,1,1,1,1,1,1,1
228,2,7,0,30,3,2,10,3,9419,1,1,1,1,7,6,1
230,2,7,0,38,4,2,8,2,8686,1,1,1,1,4,4,0
231,1,6,1,32,5,2,5,1,3038,1,1,1,1,3,2,1
233,1,6,1,27,3,2,5,1,3058,1,1,1,1,4,3,0
235,2,8,0,19,1,1,0,1,2325,1,1,1,1,2,2,1
238,1,2,1,36,2,1,8,1,2088,1,1,1,1,5,4,1
239,1,2,1,30,3,0,12,2,3072,1,1,1,1,4,4,0
240,2,7,0,45,2,2,5,2,5006,1,1,1,1,6,4,0
241,1,6,0,56,3,2,2,1,4257,1,1,1,1,2,2,1
242,1,6,1,33,3,2,3,1,2500,1,1,1,1,3,3,0
243,1,2,1,19,3,2,1,1,1102,1,1,1,1,4,4,1
244,2,7,0,46,2,2,24,3,10453,1,1,1,1,5,5,0
245,1,2,0,38,2,2,2,1,2288,1,1,1,1,4,4,0
246,1,6,0,31,1,2,4,1,3929,1,1,1,1,6,6,0
247,1,6,0,34,2,2,3,1,2311,1,1,1,1,4,4,1
248,2,8,0,41,2,2,4,1,3140,1,1,1,1,2,2,0
249,1,2,1,50,3,2,3,1,3690,1,1,1,1,1,1,0
250,1,4,0,53,2,2,4,2,4450,1,1,1,1,7,6,0
252,1,6,0,33,3,2,8,1,2756,1,1,1,1,7,6,0
253,1,3,0,40,1,2,20,5,19033,1,1,1,1,3,3,0
254,1,5,1,55,4,2,24,5,18722,1,1,1,1,4,3,0
256,1,4,1,34,1,1,10,2,9547,1,1,1,1,2,2,1
258,1,0,0,51,3,2,7,4,13734,1,1,1,1,6,5,0
259,1,3,1,52,4,2,33,5,19999,1,1,1,1,5,5,1
260,1,6,0,27,3,2,7,1,2279,1,1,1,1,5,5,0
261,1,4,1,35,2,2,1,2,5916,1,1,1,1,2,2,1
262,1,6,1,43,3,0,5,1,2089,1,1,1,1,2,2,0
264,1,3,1,45,2,0,20,4,16792,1,1,1,1,2,2,0
267,1,6,1,37,3,2,8,1,3564,1,1,1,1,4,4,1
269,1,2,0,35,3,1,6,2,4425,1,1,1,1,3,3,1
270,1,4,0,42,2,0,5,2,5265,1,1,1,1,3,3,1
271,1,4,1,38,4,2,1,2,6553,1,1,1,1,6,5,0
273,1,4,1,38,3,2,7,2,6261,1,1,1,1,2,2,1
274,1,4,1,27,1,1,2,2,4298,1,1,1,1,4,3,0
275,1,4,1,49,4,0,7,2,6804,1,1,1,1,2,2,0
277,1,6,1,34,4,1,5,1,3815,1,1,1,1,4,4,0
281,1,2,1,40,2,2,7,2,2741,1,1,1,1,2,2,1
282,1,0,1,38,1,2,1,2,6673,1,1,1,1,3,3,1
283,2,7,0,29,3,2,10,3,7639,1,1,1,1,3,3,1
284,1,6,1,22,3,2,4,1,2328,1,1,1,1,1,1,0
286,1,2,0,36,1,1,8,1,2153,1,1,1,1,3,3,0
287,1,0,1,40,5,0,3,2,4876,1,1,1,1,3,3,1
288,1,0,1,46,4,2,4,3,9396,1,1,1,1,7,5,0
291,2,7,1,32,4,2,14,3,10400,1,1,1,1,3,3,0
292,1,4,1,30,1,0,11,3,8474,1,1,1,1,6,4,0
293,2,7,0,27,3,1,7,2,9981,1,1,1,1,4,2,0
296,1,5,1,51,4,2,10,3,12490,1,1,1,1,6,5,0
297,1,6,0,30,3,2,5,1,2657,1,1,1,1,5,4,0
298,2,3,0,41,3,2,1,3,13591,1,1,1,1,6,4,0
299,2,7,0,30,4,1,6,2,6696,1,1,1,1,3,3,1
300,1,6,1,29,3,2,6,1,2058,1,1,1,1,2,1,0
302,2,7,0,45,3,0,19,3,8865,1,1,1,1,7,5,1
303,2,7,0,54,3,2,6,2,5940,1,1,1,1,8,7,0
304,1,2,1,36,2,2,13,2,5914,1,1,1,1,8,8,1
305,1,6,0,33,4,2,3,1,2622,1,1,1,1,1,1,1
306,1,5,1,37,3,1,10,3,12185,1,1,1,1,4,3,1
307,2,7,1,38,3,2,16,3,10609,1,1,1,1,6,5,0
308,1,4,1,31,4,0,5,2,4345,1,1,1,1,3,3,0
309,1,6,1,59,3,2,1,1,2177,1,1,0,1,4,4,1
311,2,8,1,37,4,1,9,1,2793,1,1,1,1,4,3,1
312,2,7,0,29,1,1,11,3,7918,1,1,1,1,5,3,1
314,2,7,0,35,3,1,10,3,8789,1,1,1,1,5,4,0
315,1,6,1,29,1,2,4,1,2389,1,1,1,1,3,2,1
316,1,2,0,52,3,2,2,1,3212,1,1,1,1,2,2,0
319,1,3,1,42,2,2,22,5,19232,1,1,1,1,2,2,0
321,0,1,1,59,2,2,2,1,2267,1,1,1,1,4,4,1
323,2,3,0,50,4,2,7,5,19517,1,1,1,1,5,4,1
325,1,2,1,33,3,2,5,1,2436,1,1,1,1,7,5,0
327,2,3,0,43,3,2,17,4,16064,1,1,1,1,5,4,1
328,1,2,0,33,2,2,9,1,2707,1,1,1,1,2,2,0
329,2,3,1,52,4,0,33,5,19068,1,1,1,1,5,5,0
330,2,8,0,32,2,2,4,1,3931,1,1,1,1,4,4,0
331,1,2,1,32,3,2,3,1,3730,1,1,1,1,8,7,1
332,1,2,0,39,4,2,3,1,2232,1,1,1,1,5,4,1
333,2,7,1,32,4,0,3,2,4465,1,1,1,1,2,2,0
334,1,6,1,41,2,2,1,2,3072,1,1,1,1,2,2,1
335,1,6,1,40,2,2,9,2,3319,1,1,1,1,5,4,1
336,1,3,1,45,3,2,24,5,19202,1,1,1,1,5,5,0
337,1,5,1,31,4,1,2,3,13675,1,1,1,1,5,5,1
338,1,6,0,33,4,2,2,1,2911,1,1,1,1,4,4,1
339,1,4,1,34,4,2,11,2,5957,1,1,1,1,5,4,0
340,1,6,0,37,2,2,3,1,3920,1,1,1,1,6,6,1
341,1,4,1,45,4,1,3,2,6434,1,1,1,1,5,5,0
342,1,4,1,37,3,1,1,3,10048,1,1,1,1,6,5,1
343,1,0,0,39,4,1,19,3,10938,1,1,1,1,5,5,1
346,1,6,1,29,3,2,6,1,2340,1,1,1,1,8,7,0
347,1,6,0,42,2,2,3,2,6545,1,1,1,1,4,4,1
349,2,7,1,29,2,2,3,2,6931,1,1,1,1,6,5,0
350,1,4,0,25,3,2,4,2,4898,1,1,1,1,4,4,0
351,1,2,0,42,3,2,9,1,2593,1,1,1,1,4,4,0
352,1,5,1,40,2,2,21,5,19436,1,1,1,1,4,4,1
353,1,6,1,51,3,2,1,1,2723,1,1,1,1,4,4,1
355,1,2,1,31,2,1,5,1,3479,1,1,1,1,3,2,1
359,1,2,1,32,3,1,5,1,2794,1,1,1,1,3,3,0
361,2,7,1,38,2,0,8,2,5249,1,1,1,1,3,3,0
362,1,2,1,32,1,2,6,2,2176,1,1,1,1,4,4,0
363,2,3,0,46,3,2,7,4,16872,1,1,1,1,3,3,0
364,1,2,1,28,4,2,0,1,3485,1,1,1,1,6,5,1
366,2,7,1,29,3,2,0,2,6644,1,1,1,1,5,4,1
367,1,0,1,31,3,2,9,2,5582,1,1,1,1,2,2,1
369,1,0,1,25,2,0,6,2,4000,1,1,1,1,3,3,1
372,1,0,1,45,2,2,20,4,13496,1,1,1,1,6,5,0
373,1,2,1,36,3,2,15,1,3210,1,1,1,1,5,5,0
374,1,3,1,55,3,2,36,5,19045,1,1,1,1,4,2,1
376,1,3,1,47,4,0,10,3,11849,1,1,1,1,5,5,1
377,1,6,1,28,3,2,5,1,2070,1,1,1,1,6,6,0
378,2,7,1,37,4,2,5,2,6502,1,1,1,1,5,5,0
379,1,6,1,21,2,2,3,1,3230,1,1,1,1,4,4,0
380,1,5,0,37,4,0,5,3,13603,1,1,1,1,4,4,1
381,1,3,0,35,3,2,7,3,11996,1,1,1,1,4,4,0
382,2,7,0,38,2,2,8,2,5605,1,1,1,1,4,3,0
384,1,4,0,26,3,1,6,2,6397,1,1,1,1,6,6,1
385,1,5,1,50,1,2,10,5,19144,1,1,1,1,6,5,0
386,1,5,1,53,4,2,5,4,17584,1,1,1,1,5,4,0
387,2,7,1,42,1,2,20,2,4907,1,1,1,1,4,4,1
388,2,7,1,29,2,1,10,2,4554,1,1,1,1,7,6,1
389,1,2,1,55,2,2,10,2,5415,1,1,1,1,4,3,0
390,1,0,1,26,2,1,5,2,4741,1,1,1,1,6,6,0
391,1,6,0,37,3,2,17,1,2115,1,1,1,1,5,5,0
392,1,2,1,44,3,1,1,1,3161,1,1,1,1,2,2,1
393,1,0,1,38,4,2,2,2,5745,1,1,1,1,3,3,0
394,1,2,1,26,4,2,3,1,2373,1,1,1,1,3,3,0
395,1,6,0,28,2,2,5,1,3310,1,1,1,1,4,4,0
396,1,5,0,49,4,1,3,5,18665,1,1,1,1,3,3,0
397,1,6,1,36,3,2,8,2,4485,1,1,1,1,8,7,0
399,2,8,0,31,3,1,2,1,2789,1,1,1,1,3,3,0
401,2,7,1,26,4,2,8,2,5828,1,1,1,1,4,3,1
403,1,6,1,37,3,1,4,1,2326,1,1,1,1,6,6,1
404,2,7,0,42,3,1,20,4,13525,1,1,1,1,6,6,0
405,1,2,1,18,3,2,0,1,1420,1,1,1,1,3,3,1
406,2,7,1,35,3,2,11,3,8020,1,1,1,1,1,1,0
407,1,2,1,36,4,1,1,1,3688,1,1,1,1,2,2,1
408,1,4,1,51,3,2,4,2,5482,1,1,1,1,3,3,1
410,2,3,1,41,4,2,22,4,16015,1,1,1,1,4,4,1
411,2,8,0,18,3,2,0,1,1200,1,1,1,1,3,3,1
412,1,0,1,28,2,2,8,2,5661,1,1,1,1,3,3,1
416,2,7,1,31,3,2,8,2,6929,1,1,1,1,5,5,1
417,1,0,1,39,3,2,18,3,9613,1,1,1,1,3,3,0
419,1,2,0,36,4,0,9,2,5674,1,1,1,1,4,4,1
420,2,7,1,32,3,2,13,2,5484,1,1,1,1,2,2,0
421,1,5,0,38,2,2,10,3,12061,1,1,1,1,2,2,0
422,1,0,1,58,4,0,5,2,5660,1,1,1,1,4,3,0
423,1,6,1,31,4,2,5,1,4821,1,1,1,1,5,5,0
424,0,1,1,31,3,2,2,2,6410,1,1,1,1,2,2,1
425,1,2,1,45,3,1,24,3,5210,1,1,1,1,4,4,0
426,1,6,1,31,4,2,2,1,2695,1,1,1,1,3,3,1
428,1,3,0,33,4,1,10,3,11878,1,1,1,1,5,4,1
429,1,3,1,39,1,2,21,4,17068,1,1,1,1,4,3,0
430,1,2,0,43,4,1,8,1,2455,1,1,1,1,2,2,0
431,1,0,0,49,2,2,7,4,13964,1,1,1,1,3,3,0
433,1,6,1,52,4,2,8,2,4941,1,1,1,1,5,5,0
434,1,6,0,27,3,2,4,1,2478,1,1,1,1,4,4,1
436,2,7,0,32,2,2,13,2,5228,1,1,1,1,3,3,1
437,2,7,1,27,3,2,5,2,4478,1,1,1,1,5,4,1
438,2,7,1,31,3,2,7,2,7547,1,1,1,1,3,3,0
439,1,6,0,32,4,2,7,2,5055,1,1,1,1,4,4,1
440,1,6,1,28,4,2,3,1,3464,1,1,1,1,1,1,1
441,1,6,0,30,2,2,10,2,5775,1,1,1,1,5,5,0
442,1,4,0,31,2,1,10,3,8943,1,1,1,1,4,3,0
444,1,3,1,39,2,1,21,5,19272,1,1,1,1,4,4,0
445,2,7,0,39,2,2,1,2,5238,1,1,1,1,4,3,1
446,2,7,1,33,3,1,7,2,4682,1,1,1,1,3,3,0
447,1,5,1,47,5,2,3,5,18300,1,1,1,1,3,3,0
448,1,2,0,43,4,1,9,2,5257,1,1,1,1,5,5,1
449,2,7,1,27,1,0,5,2,6349,1,1,1,1,2,2,1
450,1,6,0,54,4,1,4,2,4869,1,1,1,1,1,1,1
451,1,0,0,43,3,2,1,3,9985,1,1,1,1,3,2,0
452,1,6,1,45,4,2,10,2,3697,1,1,1,1,4,3,1
453,2,7,1,40,2,2,4,2,7457,1,1,1,1,4,4,1
454,1,2,1,29,4,2,7,1,2119,1,1,1,1,4,2,1
455,1,2,1,29,5,2,3,1,3983,1,1,1,1,6,5,0
456,2,7,0,30,3,2,10,2,6118,1,1,1,1,5,4,0
458,2,7,0,27,4,2,8,2,6214,1,1,1,1,4,4,1
460,1,4,1,37,2,2,6,2,6347,1,1,1,1,7,6,0
461,1,5,1,38,2,2,11,3,11510,1,1,1,1,3,3,0
462,1,4,0,31,4,2,11,3,7143,1,1,1,1,4,3,0
463,2,7,0,29,1,2,7,2,8268,1,1,1,1,5,4,1
464,1,4,1,35,4,2,16,3,8095,1,1,1,1,4,3,1
465,1,6,1,23,1,2,4,1,2904,1,1,1,1,4,3,1
466,1,4,1,41,3,2,5,2,6032,1,1,1,1,5,5,1
467,2,8,1,47,1,1,0,2,2976,0,1,0,1,2,2,1
468,1,5,0,42,5,2,1,4,15992,1,1,1,1,3,3,1
469,2,7,1,29,3,0,4,2,4649,1,1,1,1,2,2,1
470,0,1,1,42,1,2,3,1,2696,1,1,1,1,2,2,0
471,1,2,0,32,3,2,8,1,2370,1,1,1,1,2,2,1
473,2,3,0,48,1,2,0,3,12504,1,1,1,1,4,4,1
474,1,6,1,37,3,2,7,2,5974,1,1,1,1,4,3,0
475,2,7,0,30,2,0,2,2,4736,1,1,1,1,3,3,0
476,2,7,1,26,3,2,8,2,5296,1,1,1,1,5,2,0
477,1,0,1,42,4,2,1,2,6781,1,1,1,1,2,2,1
478,2,8,0,21,1,1,3,1,2174,1,1,1,1,2,1,0
479,2,7,0,36,5,0,1,2,6653,1,1,1,1,1,1,1
481,2,7,1,36,4,1,13,3,9699,1,1,1,1,6,5,0
482,1,0,1,57,4,2,3,2,6755,1,1,1,1,2,2,1
483,1,2,0,40,4,2,7,1,2213,1,1,1,1,3,3,1
484,2,8,1,21,2,0,3,1,2610,1,1,1,1,4,4,1
485,2,8,0,33,3,2,1,1,2851,0,1,0,0,4,4,1
486,1,2,0,37,3,2,5,1,3452,1,1,1,1,4,4,1
487,1,4,0,46,4,0,1,2,5258,1,1,1,1,7,6,0
488,2,7,1,41,3,1,8,2,9355,1,1,1,1,3,3,0
491,1,0,1,50,3,2,4,3,10496,1,1,1,1,6,5,1
492,2,7,1,40,2,2,6,2,6380,1,1,1,1,2,2,1
493,1,6,1,31,4,2,2,1,2657,1,1,1,1,6,6,0
494,2,8,0,21,3,2,1,1,2716,1,1,1,1,4,2,1
495,1,6,1,29,3,2,3,1,2201,1,1,1,1,5,4,1
496,1,0,1,35,4,2,1,2,6540,1,1,1,1,1,1,1
497,1,2,1,27,2,2,5,1,3816,1,1,1,1,8,5,1
498,2,7,1,28,4,2,7,2,5253,1,1,1,1,2,1,0
499,1,0,1,49,3,2,5,3,10965,1,1,1,1,5,5,0
500,2,7,0,51,2,2,7,2,4936,1,1,1,1,1,1,1
501,1,6,0,36,3,2,2,1,2543,1,1,1,1,3,3,0
502,2,7,1,34,3,0,5,2,5304,1,1,1,1,3,3,1
505,1,3,0,55,3,2,5,4,16659,1,1,1,1,5,5,0
507,2,7,0,24,4,2,5,2,4260,1,1,1,1,4,2,1
508,2,8,1,30,1,2,1,1,2476,1,1,1,1,3,3,1
510,1,6,1,26,1,1,6,1,3102,1,1,1,1,3,3,1
511,1,6,0,22,3,2,2,1,2244,1,1,1,1,3,3,1
513,2,7,1,36,2,2,10,3,7596,1,1,1,1,7,6,1
514,1,6,1,30,3,1,1,1,2285,1,1,1,1,3,3,1
515,1,2,0,37,3,2,18,1,3034,1,1,1,1,4,3,1
516,2,7,0,40,2,2,5,2,5715,1,1,1,1,5,5,1
517,1,2,0,42,4,2,5,1,2576,1,1,1,1,3,3,1
518,1,4,1,37,4,2,1,2,4197,0,1,0,0,6,5,1
520,1,5,1,43,3,2,25,4,14336,1,1,1,1,6,5,0
521,1,2,0,40,3,2,1,2,3448,1,1,1,1,4,4,1
522,1,5,1,54,2,2,4,5,19406,1,1,1,1,7,6,0
523,2,7,0,34,4,0,3,2,6538,1,1,1,1,6,6,1
524,1,4,0,31,2,2,13,2,4306,1,1,1,1,6,4,0
525,1,2,1,43,3,1,3,1,2258,1,1,1,1,6,5,0
526,1,0,0,43,4,2,5,2,4522,1,1,1,1,2,2,0
527,2,7,0,25,2,2,5,2,4487,1,1,1,1,5,5,0
529,1,6,0,37,5,0,13,2,4449,1,1,1,1,2,2,0
530,1,2,1,31,2,2,4,1,2218,1,1,1,1,3,3,0
531,1,3,1,39,1,1,21,5,19197,1,1,1,1,3,3,0
532,2,7,0,56,3,1,7,4,13212,1,1,1,1,3,3,1
533,2,7,0,30,3,2,5,2,6577,1,1,1,1,3,3,1
534,2,7,1,41,3,2,10,3,8392,1,1,1,1,5,3,0
536,1,2,1,28,2,2,10,2,4558,1,1,1,1,2,1,1
538,1,2,1,25,3,2,2,1,4031,1,1,1,1,3,3,0
543,1,4,1,52,3,2,5,3,7969,1,1,1,1,5,4,0
544,1,6,1,45,2,2,2,1,2654,1,1,1,1,1,1,1
546,1,3,0,52,2,2,5,4,16555,1,1,1,1,2,2,1
547,1,6,0,42,2,1,5,2,4556,1,1,1,1,5,5,1
548,1,4,0,30,3,2,5,2,6091,1,1,1,1,3,2,0
549,1,3,0,60,3,2,29,5,19566,1,1,1,1,4,4,0
550,1,4,0,46,3,2,10,2,4810,1,1,1,1,3,3,0
551,1,0,0,42,4,1,6,2,4523,1,1,1,1,3,3,0
554,2,8,0,24,1,2,5,1,3202,1,1,1,1,8,6,0
555,2,8,0,34,2,1,2,1,2351,1,1,1,1,2,2,0
556,1,2,1,38,2,1,1,1,1702,1,1,1,1,1,1,1
558,2,3,0,40,4,2,20,5,18041,1,1,1,1,6,5,0
560,1,6,0,26,3,2,3,1,2886,1,1,1,1,2,2,1
562,1,2,1,30,3,0,5,1,2097,1,1,1,1,5,5,0
564,1,5,1,29,4,2,10,3,11935,1,1,1,1,4,3,1
565,1,6,0,29,5,2,2,1,2546,1,1,1,1,4,4,0
566,0,1,1,19,2,2,1,1,2564,0,1,0,1,1,1,1
567,2,7,0,30,4,0,9,3,8412,1,1,1,1,5,5,0
568,2,3,1,57,3,2,1,4,14118,1,1,1,1,4,3,0
569,1,3,1,50,4,2,27,4,17046,1,1,1,1,3,3,1
571,1,2,0,30,3,0,11,1,2564,1,1,1,1,5,5,1
573,2,7,0,60,3,1,18,3,10266,1,1,1,1,2,2,0
574,1,4,0,47,2,2,5,2,5070,1,1,1,1,4,3,1
575,1,5,1,46,3,2,3,4,17861,1,1,1,1,4,4,1
577,1,2,1,35,3,2,5,1,4230,1,1,1,1,3,2,0
578,1,2,0,54,4,2,1,2,3780,1,1,1,1,5,4,0
579,1,6,1,34,4,2,7,1,2768,1,1,1,1,5,5,0
580,2,7,0,46,3,2,3,3,9071,1,1,1,1,3,3,0
581,1,4,1,31,1,2,13,3,10648,1,1,1,1,6,6,0
582,1,3,1,33,1,2,7,3,13610,1,1,1,1,2,2,1
584,1,2,1,33,1,2,4,1,3408,1,1,1,1,6,6,1
585,2,8,1,30,1,2,3,1,2983,1,1,1,1,3,3,0
586,1,0,1,35,3,2,8,3,7632,1,1,1,1,4,3,0
587,1,0,1,31,3,1,1,3,9824,1,1,1,1,2,2,1
590,0,1,0,34,3,1,3,3,9950,1,1,1,1,3,3,0
591,1,2,1,42,2,1,2,1,2093,1,1,1,1,3,3,1
592,2,7,1,36,4,0,10,3,9980,1,1,1,1,4,3,0
593,1,2,1,22,1,1,2,1,3894,1,1,1,1,8,8,0
595,2,7,0,48,5,2,9,2,4051,1,1,1,1,5,4,0
597,2,3,0,55,5,2,10,4,16835,1,1,1,1,5,4,1
599,2,7,1,41,2,0,14,2,6230,1,1,1,1,3,3,0
600,2,7,1,35,3,2,11,2,4717,1,1,1,1,3,3,0
601,1,4,0,40,3,2,20,4,13237,1,1,1,1,3,3,1
602,1,2,0,39,1,1,8,1,3755,1,1,1,1,4,4,0
604,2,7,1,31,1,2,6,2,6582,1,1,1,1,2,2,0
605,1,4,1,42,3,2,10,3,7406,1,1,1,1,2,2,1
606,2,7,1,45,3,2,8,2,4805,1,1,1,1,5,4,0
608,0,1,0,26,4,1,7,1,2741,1,1,1,1,8,7,0
611,1,4,1,29,3,2,3,2,4262,1,1,1,1,2,2,0
612,1,5,0,33,5,2,6,4,16184,1,1,1,1,3,3,1
613,2,3,1,31,3,2,5,3,11557,1,1,1,1,7,6,0
614,2,8,1,18,3,1,0,1,1878,1,1,0,1,6,6,1
615,2,7,1,40,3,0,1,3,10932,1,1,1,1,3,3,1
616,1,0,0,41,4,0,8,2,6811,1,1,1,1,4,4,0
618,2,7,1,26,2,2,0,2,4306,1,1,1,1,4,4,0
620,2,7,0,35,3,2,5,2,4859,1,1,1,1,2,2,0
621,2,7,1,34,4,2,10,2,5337,1,1,1,1,7,6,0
622,1,2,1,26,3,2,1,1,2340,1,1,1,1,2,2,1
623,1,4,0,37,3,2,6,3,7491,1,1,1,1,6,5,0
624,1,0,0,46,1,1,2,3,10527,1,1,1,1,5,5,0
625,2,3,0,41,5,2,18,4,16595,1,1,1,1,7,6,1
626,2,7,1,37,4,0,9,3,8834,1,1,1,1,4,4,0
630,1,6,1,52,2,2,10,2,5577,1,1,1,1,4,3,0
631,2,7,1,32,4,0,4,2,4707,1,1,1,1,7,6,0
632,2,8,1,24,3,1,2,1,2400,1,1,1,1,3,3,0
634,1,0,0,38,3,2,1,2,9824,0,1,1,0,3,3,1
635,1,4,0,37,4,2,6,2,6447,1,1,1,1,5,4,0
638,1,5,1,49,4,2,31,5,19502,1,1,1,1,6,4,0
639,1,6,1,24,3,2,6,1,2725,1,1,1,1,5,5,1
641,2,7,1,26,2,2,5,2,6272,1,1,1,1,2,2,1
643,1,2,1,24,2,2,1,1,2127,1,1,1,1,2,2,1
644,0,3,1,50,3,1,32,5,18200,1,1,1,1,3,2,1
645,2,8,1,25,1,2,7,1,2096,1,1,1,1,1,1,0
647,1,2,0,24,3,1,6,1,2886,1,1,1,1,4,4,1
648,2,8,1,30,4,1,1,1,2033,1,1,1,1,3,3,1
649,1,6,1,34,2,2,6,1,3622,1,1,1,1,3,3,0
650,2,7,1,31,4,2,3,2,4233,1,1,1,1,3,3,1
652,1,2,1,35,2,2,3,2,3681,1,1,1,1,3,3,1
653,2,7,1,31,4,2,7,2,5460,1,1,1,1,2,2,1
655,1,6,0,27,4,2,5,1,2187,1,1,1,1,4,4,1
656,2,7,1,37,3,2,3,2,9602,1,1,1,1,8,6,0
657,1,6,0,20,3,2,1,1,2836,1,1,1,1,1,1,1
659,1,0,0,42,4,2,10,2,4089,1,1,1,1,5,5,0
661,1,5,1,43,4,2,1,4,16627,1,1,1,1,2,2,1
662,1,6,0,38,1,2,0,1,2619,1,1,1,1,2,2,1
663,1,2,1,43,5,1,8,2,5679,1,1,1,1,7,7,0
664,1,3,0,48,4,2,3,4,15402,1,1,1,1,5,3,0
665,0,1,0,44,4,2,2,2,5985,1,1,1,1,1,1,0
666,2,8,0,34,3,2,8,1,2579,1,1,1,1,3,3,0
667,2,8,1,27,1,2,4,1,3041,1,1,1,1,7,5,0
669,2,8,1,21,1,2,3,1,3447,1,1,1,1,3,3,0
671,1,3,1,44,4,2,2,5,19513,1,1,1,1,6,5,1
675,1,6,1,22,1,2,2,1,2773,1,1,1,1,4,4,1
677,2,7,1,33,4,2,5,2,7104,1,1,1,1,1,1,1
679,1,6,0,32,4,2,6,2,6322,1,1,1,1,3,3,1
680,1,6,0,30,3,1,1,1,2083,1,1,1,1,2,2,1
682,2,7,0,53,1,2,14,2,8381,1,1,1,1,2,2,1
683,1,6,1,34,5,2,10,1,2691,1,1,1,1,1,1,1
684,2,7,0,45,4,1,1,2,4286,1,1,0,1,1,1,1
686,1,2,0,26,3,2,3,1,2659,1,1,1,1,5,5,0
689,1,4,1,37,3,2,10,3,9434,1,1,1,1,3,3,0
690,2,7,0,29,2,2,6,2,5561,1,1,1,1,2,2,0
691,1,6,1,35,4,2,17,2,6646,1,1,1,1,7,6,0
692,1,0,1,33,3,1,13,2,7725,1,1,1,1,7,6,0
698,0,1,1,54,4,2,9,3,10725,1,1,1,1,4,4,0
699,1,4,1,36,2,2,3,2,8847,1,1,1,1,2,2,0
700,1,6,1,27,4,2,4,1,2045,1,1,1,1,4,4,1
701,1,6,1,20,1,2,1,1,1009,1,1,1,1,2,2,1
702,1,6,1,33,3,1,10,1,3348,1,1,1,1,4,4,1
704,1,2,1,35,3,0,1,1,1281,1,1,1,1,2,2,1
705,1,6,1,23,3,2,3,1,2819,1,1,1,1,2,2,1
707,2,7,1,25,3,2,3,2,4851,1,1,1,1,3,3,1
709,2,7,0,38,4,2,7,2,4028,1,1,1,1,4,4,0
710,1,6,1,29,4,1,10,1,2720,1,1,1,1,5,5,1
712,2,7,1,48,1,2,2,2,8120,1,1,1,1,4,4,1
714,2,7,0,27,1,1,6,2,4647,1,1,1,1,4,3,0
715,1,6,1,37,2,2,1,1,4680,1,1,1,1,4,4,1
716,1,2,1,50,1,2,20,1,3221,1,1,1,1,7,5,0
717,1,0,0,34,3,2,8,3,8621,1,1,1,1,3,3,0
720,2,7,0,24,2,2,2,2,4577,1,1,1,1,6,4,0
721,1,0,0,39,4,2,20,2,4553,1,1,1,1,4,3,1
722,2,7,1,32,3,2,10,2,5396,1,1,1,1,4,4,0
723,2,7,1,50,2,1,4,2,6796,1,1,1,1,5,5,0
724,1,0,0,38,4,2,9,2,7625,1,1,1,1,5,5,0
725,1,4,0,27,2,2,9,3,7412,1,1,1,1,3,3,0
727,1,5,0,32,2,2,7,3,11159,1,1,1,1,4,4,0
728,2,7,1,47,4,2,7,2,4960,1,1,1,1,3,2,1
729,2,7,1,40,4,1,18,3,10475,1,1,1,1,3,3,0
730,1,5,1,53,3,2,5,4,14814,1,1,1,1,5,5,0
731,0,3,1,41,4,2,21,5,19141,1,1,1,1,3,3,0
732,2,7,1,60,4,2,2,2,5405,1,1,1,1,5,4,0
733,1,4,1,27,2,1,9,3,8793,1,1,1,1,4,4,1
734,0,3,1,41,3,2,22,5,19189,1,1,1,1,5,4,0
738,2,8,1,50,4,2,2,1,3875,1,1,1,1,7,6,1
741,1,6,0,28,2,2,7,1,2216,1,1,1,1,7,6,0
742,1,5,0,36,3,0,8,3,11713,1,1,1,1,2,2,0
743,1,4,0,38,3,2,1,3,7861,1,1,1,1,2,2,1
744,1,2,1,44,3,0,5,1,3708,1,1,1,1,6,5,0
746,2,7,0,47,3,1,22,4,13770,1,1,1,1,6,5,0
747,2,7,1,30,5,2,8,2,5304,1,1,1,1,3,3,0
749,2,8,1,29,3,2,1,1,2642,1,1,1,1,5,3,0
752,1,6,1,42,3,1,2,1,2759,1,1,1,1,5,3,0
754,2,7,1,43,3,1,2,2,6804,1,1,1,1,5,4,0
757,1,0,0,34,2,2,5,2,6142,1,1,1,1,5,4,0
758,1,2,1,23,1,2,4,1,2500,1,1,1,1,3,3,1
760,0,1,0,39,3,2,8,2,6389,1,1,1,1,8,6,1
762,1,0,1,56,3,2,10,4,11103,1,1,1,1,8,7,1
763,1,6,0,40,1,2,4,1,2342,1,1,1,1,4,4,0
764,1,0,0,27,3,2,7,2,6811,1,1,1,1,4,4,0
766,2,8,1,29,3,2,2,1,2297,1,1,1,1,5,5,1
769,1,2,1,53,3,2,2,2,2450,1,1,1,1,2,2,0
771,1,0,0,35,4,0,1,2,5093,1,1,1,1,4,3,1
772,1,2,1,32,4,1,10,2,5309,1,1,1,1,3,3,0
773,1,6,1,38,5,2,1,1,3057,1,1,1,1,6,5,0
775,1,4,0,34,5,2,0,2,5121,1,1,1,1,4,4,1
776,2,3,1,52,4,2,34,4,16856,1,1,1,1,2,2,1
780,1,6,1,33,4,2,10,1,2686,1,1,1,1,3,3,1
781,2,7,0,25,1,2,6,2,6180,1,1,1,1,7,6,1
783,2,8,1,45,2,2,8,2,6632,1,1,1,1,2,2,0
784,1,6,1,23,1,2,2,1,3505,1,1,1,1,4,4,1
785,2,7,0,47,2,1,5,2,6397,1,1,1,1,6,5,1
786,2,7,1,34,3,2,6,2,6274,1,1,1,1,3,3,1
787,1,3,1,55,3,2,5,5,19859,1,1,1,1,4,4,1
789,2,7,1,36,4,0,10,3,7587,1,1,1,1,4,4,1
791,1,6,1,52,4,0,4,1,4258,1,1,1,1,6,6,0
792,1,2,0,26,2,1,2,1,4364,1,1,1,1,3,3,1
793,1,0,0,29,3,2,8,2,4335,1,1,1,1,6,6,1
796,2,7,1,26,3,2,4,2,5326,1,1,1,1,2,2,0
797,1,6,0,34,4,2,4,1,3280,1,1,1,1,2,2,1
799,1,4,0,54,4,2,5,2,5485,1,1,1,1,2,2,1
800,2,7,1,27,1,1,4,2,4342,1,1,1,1,3,2,0
802,1,6,0,37,1,2,5,1,2782,1,1,1,1,4,4,0
803,1,4,0,38,4,1,15,2,5980,1,1,1,1,7,6,0
804,1,6,0,34,4,2,6,1,4381,1,1,1,1,5,5,1
805,2,8,0,35,4,2,3,1,2572,1,1,1,1,5,4,0
806,1,2,1,30,3,2,2,1,3833,1,1,1,1,4,3,0
807,1,0,0,40,2,1,8,2,4244,1,1,1,1,7,7,0
808,2,7,0,34,2,2,3,2,6500,1,1,1,1,1,1,1
809,1,3,1,42,3,1,24,5,18430,1,1,1,1,4,3,0
811,1,2,1,23,3,2,0,1,1601,1,1,0,1,3,3,1
812,1,2,1,24,3,0,1,1,2694,1,1,1,1,4,4,1
813,1,2,0,52,4,2,5,2,3149,1,1,1,1,4,4,0
815,1,5,1,50,3,2,4,4,17639,1,1,1,1,5,5,1
816,1,2,0,29,2,2,1,1,2319,1,1,1,1,5,5,0
817,1,5,1,33,3,2,13,3,11691,1,1,1,1,6,5,1
819,2,7,0,33,3,2,3,2,5324,1,1,1,1,4,4,0
820,1,3,0,47,2,2,26,4,16752,1,1,1,1,5,5,1
823,1,4,0,36,3,2,9,2,5228,1,1,1,1,3,3,0
824,1,6,1,29,2,2,10,1,2700,1,1,1,1,4,3,1
825,1,5,1,58,4,2,31,5,19246,1,1,1,1,4,4,0
826,1,6,0,35,4,2,2,1,2506,1,1,1,1,5,3,0
827,1,4,0,42,2,2,4,2,6062,1,1,1,1,1,1,1
828,1,6,1,28,4,2,2,1,4382,1,1,1,1,1,1,0
829,0,1,1,36,3,2,5,1,2143,1,1,1,1,4,4,1
830,1,4,0,32,3,2,14,2,6162,1,1,1,1,5,3,1
832,1,2,1,40,4,1,1,2,5094,1,1,1,1,3,3,1
833,1,4,0,30,3,2,0,2,6877,1,1,1,1,2,2,1
834,1,6,0,45,3,2,1,1,2274,1,1,1,1,4,3,1
836,1,4,1,42,3,2,9,2,4434,1,1,1,1,5,5,0
837,1,0,1,38,3,1,4,2,6288,1,1,1,1,3,3,1
838,1,6,0,34,4,1,5,1,2553,1,1,1,1,5,5,0
840,2,7,0,49,3,2,9,3,7654,1,1,1,1,4,3,1
842,2,7,1,55,1,2,9,2,5160,1,1,1,1,6,6,1
843,1,5,1,43,2,2,4,4,17159,1,1,1,1,3,3,0
844,1,5,1,27,1,2,9,3,12808,1,1,1,1,4,4,1
845,1,4,1,35,3,2,8,3,10221,1,1,1,1,3,3,1
846,2,7,0,28,4,2,8,2,4779,1,1,1,1,5,5,0
847,0,1,1,34,2,2,3,1,3737,1,1,1,1,6,5,0
848,1,6,0,26,2,1,8,1,2366,1,1,1,1,2,2,0
850,1,6,1,27,3,0,0,1,1706,0,1,0,1,2,2,1
851,2,3,0,51,4,2,20,4,16307,1,1,1,1,4,3,1
852,1,0,1,44,3,2,5,2,5933,1,1,1,1,1,1,1
854,1,6,1,25,1,2,4,1,3424,1,1,1,1,3,3,1
855,2,7,1,33,3,2,9,2,4037,1,1,1,1,1,1,1
856,1,6,0,35,1,2,6,1,2559,1,1,1,1,2,2,0
857,2,7,1,36,2,2,18,2,6201,1,1,1,1,2,2,1
859,2,7,1,32,4,2,5,2,4403,1,1,1,1,3,3,1
861,1,6,1,30,4,1,5,1,3761,1,1,1,1,5,5,1
862,2,7,0,53,2,2,5,3,10934,1,1,1,1,6,6,0
864,2,7,1,45,3,2,5,3,10761,1,1,1,1,5,4,0
865,1,6,0,32,2,2,5,2,5175,1,1,1,1,2,2,0
867,1,4,0,52,4,1,9,4,13826,1,1,1,1,4,4,0
868,2,7,1,37,4,2,1,2,6334,1,1,1,1,7,5,0
869,0,1,1,28,2,2,5,1,4936,1,1,1,1,4,4,0
872,1,4,1,22,2,2,2,2,4775,1,1,1,1,3,3,0
874,1,2,1,44,4,2,3,1,2818,1,1,1,1,6,4,1
875,1,6,1,42,1,1,2,1,2515,1,1,1,1,6,6,0
878,0,1,1,36,3,2,5,1,2342,1,1,1,1,6,4,0
879,2,7,1,25,1,2,5,2,4194,1,1,1,1,5,5,0
880,1,4,0,35,3,2,17,3,10685,1,1,1,1,5,4,0
881,1,6,0,35,4,1,10,1,2022,1,1,1,1,5,5,0
882,1,2,1,32,3,0,3,1,2314,1,1,1,1,3,2,1
885,2,7,1,25,1,2,5,2,4256,1,1,1,1,5,3,1
887,1,6,0,49,3,2,4,1,3580,1,1,1,1,2,2,1
888,1,2,1,24,1,0,5,1,3162,1,1,1,1,3,3,0
889,2,7,1,32,2,1,10,2,6524,1,1,1,1,3,3,1
893,2,8,1,38,3,2,2,1,2899,1,1,1,1,2,2,1
894,1,2,0,42,3,2,5,2,5231,1,1,1,1,5,4,0
895,1,6,1,31,4,2,6,1,2356,1,1,1,1,1,1,0
896,2,8,0,29,3,2,3,1,2800,1,1,1,1,1,1,1
897,2,7,1,53,3,2,2,4,11836,1,1,1,1,5,5,0
899,1,4,1,35,3,2,13,3,10903,1,1,1,1,3,3,1
900,2,8,0,37,2,1,5,1,2973,1,1,1,1,6,6,0
901,1,5,0,53,4,2,12,4,14275,1,1,1,1,5,5,0
902,1,0,0,43,3,1,5,2,5562,1,1,1,1,7,6,1
903,2,7,0,47,2,2,7,2,4537,1,1,1,1,4,4,0
904,2,7,1,37,2,0,10,3,7642,1,1,1,1,3,3,1
905,1,3,1,50,4,0,31,4,17924,1,1,1,1,6,4,0
909,0,1,0,39,3,2,5,2,5204,1,1,1,1,6,5,0
910,0,1,1,33,2,2,4,1,2277,1,1,1,1,5,5,0
911,1,2,1,32,4,2,1,1,2795,1,1,1,1,3,3,0
912,1,2,0,29,1,2,4,1,2532,1,1,1,1,5,4,0
913,1,6,1,44,2,2,8,1,2559,1,1,1,1,4,3,0
916,2,7,1,28,4,2,4,2,4908,1,1,1,1,3,3,0
918,1,2,1,58,1,1,1,1,2380,1,1,1,1,2,2,0
920,1,4,0,43,3,2,1,2,4765,1,1,1,1,3,3,1
922,2,8,0,20,3,2,2,1,2044,1,1,1,1,5,4,0
923,1,6,0,21,1,2,1,1,2693,1,1,1,1,8,6,1
924,1,0,1,36,1,2,16,2,6586,1,1,1,1,4,4,1
925,2,8,0,47,4,2,3,1,3294,1,1,1,1,7,6,1
926,1,4,0,22,1,2,3,2,4171,1,1,1,1,4,4,1
927,1,2,0,41,4,2,7,1,2778,1,1,1,1,3,3,1
930,1,6,0,28,3,2,2,1,2377,1,1,1,1,6,5,1
932,1,2,1,39,3,2,2,1,2404,1,1,1,1,3,3,1
933,1,6,0,27,3,2,1,1,2318,1,1,1,1,2,2,1
934,1,2,1,34,3,2,1,1,2008,1,1,1,1,5,4,0
936,2,7,0,42,2,2,5,2,6244,1,1,1,1,5,4,0
939,1,6,1,33,4,2,3,1,2799,1,1,1,1,5,5,0
940,1,0,0,58,3,2,6,3,10552,1,1,1,1,3,2,0
941,2,8,1,31,4,2,7,1,2329,1,1,1,1,2,2,0
942,1,0,0,35,1,2,10,2,4014,1,1,1,1,2,2,1
944,1,2,0,49,2,2,26,3,7403,1,1,1,1,5,5,0
945,1,6,1,48,4,2,0,1,2259,1,1,1,1,4,4,1
947,2,7,0,31,2,0,9,2,6932,1,1,1,1,1,1,1
949,1,6,1,36,4,2,6,1,4678,1,1,1,1,2,2,1
950,1,5,0,38,3,2,15,3,13582,1,1,1,1,3,3,0
951,1,2,0,32,3,0,3,1,2332,1,1,1,1,4,4,0
952,2,8,1,25,2,2,1,1,2413,1,1,1,1,3,3,1
954,2,7,1,40,4,2,1,3,9705,1,1,1,1,6,6,0
956,2,7,1,26,3,1,7,2,4294,1,1,1,1,3,3,0
957,1,2,1,41,3,2,18,1,4721,1,1,1,1,2,2,0
958,1,2,1,36,4,2,11,1,2519,1,1,1,1,6,6,1
959,2,8,1,19,3,2,1,1,2121,1,1,1,1,2,2,1
960,1,2,1,20,3,2,1,1,2973,1,1,1,1,6,6,1
961,1,0,0,31,3,2,9,2,5855,1,1,1,1,5,5,0
964,1,6,1,40,4,1,1,1,3617,1,1,1,1,2,2,1
966,1,4,0,32,4,2,8,2,6725,1,1,1,1,3,2,1
967,2,7,1,36,1,2,16,3,10325,1,1,1,1,3,2,0
969,1,0,0,33,3,2,5,2,6949,1,1,1,1,2,2,0
970,2,7,1,37,4,2,14,3,10609,1,1,1,1,7,5,0
972,1,2,1,45,2,0,9,2,4447,1,1,1,1,4,4,1
974,2,8,0,29,3,1,3,1,2157,1,1,1,1,7,6,0
975,2,7,0,35,3,2,5,2,4601,1,1,1,1,4,3,0
976,1,3,1,52,2,2,9,4,17099,1,1,1,1,1,1,1
977,1,6,1,58,3,2,1,1,2479,1,0,1,1,1,1,1
981,2,3,1,53,2,2,17,4,14852,1,1,1,1,6,6,0
982,2,7,1,30,2,2,8,3,7264,1,1,1,1,3,3,1
983,2,7,0,38,3,0,5,2,5666,1,1,1,1,3,3,0
984,2,7,1,35,4,2,10,3,7823,1,1,1,1,2,2,1
985,2,7,1,39,5,2,8,3,7880,1,1,1,1,3,3,1
986,2,7,0,40,3,0,1,4,13194,1,1,1,1,2,1,1
987,1,4,1,47,4,1,19,2,5067,1,1,1,1,5,5,0
990,2,7,1,36,4,0,7,2,5079,1,1,1,1,8,6,0
991,1,6,1,31,2,0,3,1,2321,1,1,1,1,4,3,1
992,2,3,1,33,3,0,10,4,17444,1,1,1,1,6,5,0
994,1,6,0,29,3,2,0,1,2404,1,1,1,1,3,3,1
995,1,6,0,33,1,2,3,1,3452,1,1,1,1,3,3,1
996,1,2,0,45,4,2,5,1,2270,1,1,1,1,3,3,0
997,1,5,1,50,2,2,5,4,17399,1,1,1,1,2,2,1
998,1,0,0,33,4,1,6,2,5488,1,1,1,1,4,4,1
999,1,5,1,41,3,1,18,5,19419,1,1,1,1,5,5,0
1001,1,2,0,27,4,2,2,1,2811,1,1,1,1,4,3,1
1002,1,2,1,45,2,0,9,2,3633,1,1,1,1,5,4,0
1003,2,7,0,47,2,2,9,2,4163,1,1,1,1,2,2,1
1004,1,6,0,30,3,2,5,1,2132,1,1,1,1,2,2,0
1005,1,4,1,50,3,2,12,4,13973,1,1,1,1,5,5,0
1006,1,6,1,38,1,1,2,1,2684,1,1,1,1,3,3,0
1007,1,4,1,46,2,2,8,3,10845,1,1,1,1,2,2,1
1009,1,4,0,24,1,2,4,2,4377,1,1,1,1,4,3,1
1010,1,2,1,35,4,2,4,1,3743,1,1,1,1,5,5,1
1011,1,4,0,31,1,1,4,2,4148,1,1,1,1,1,1,0
1012,1,6,1,18,2,0,0,1,1051,1,1,1,1,4,4,1
1013,1,4,0,54,3,2,10,3,10739,1,1,1,1,6,6,0
1014,1,0,0,35,4,2,16,3,10388,1,1,1,1,3,3,0
1015,1,5,0,30,2,2,8,3,11416,1,1,1,1,5,5,0
1016,1,6,0,20,3,2,1,1,2600,1,1,1,1,2,2,1
1017,1,2,0,30,3,1,3,1,2422,1,1,1,1,1,1,0
1018,1,4,1,26,2,2,8,2,5472,1,1,1,1,4,3,0
1019,1,2,1,22,1,2,4,1,2451,1,1,1,1,8,7,0
1022,1,0,1,48,3,2,2,2,4240,1,1,1,1,2,1,1
1024,1,0,1,48,4,2,15,3,10999,1,1,1,1,5,4,1
1025,1,4,0,41,2,2,2,2,5003,1,1,1,1,6,5,1
1026,1,4,0,39,1,2,21,4,12742,1,1,1,1,4,4,0
1027,1,4,0,27,4,2,3,2,4227,1,1,1,1,3,3,0
1028,1,2,1,35,3,2,3,1,3917,1,1,1,1,1,1,1
1029,2,3,1,42,2,2,1,5,18303,1,1,1,1,3,2,1
1030,1,2,1,50,3,2,1,1,2380,1,1,1,1,3,3,1
1032,1,4,0,59,3,2,5,4,13726,1,1,1,1,6,4,1
1033,1,0,0,37,2,2,1,2,4777,1,1,1,1,3,3,1
1034,1,0,1,55,4,1,8,2,6385,1,1,1,1,3,3,1
1035,1,5,0,41,1,0,21,5,19973,1,1,1,1,3,2,0
1036,2,7,1,38,4,2,1,2,6861,1,1,1,1,3,2,0
1037,2,7,1,26,2,0,2,2,4969,1,1,1,1,3,3,1
1038,2,3,0,52,1,2,32,5,19845,1,1,1,1,6,6,1
1039,2,7,0,44,3,2,12,4,13320,1,1,1,1,6,6,1
1040,2,7,0,50,3,0,18,2,6347,1,1,1,1,5,3,0
1042,1,2,0,36,4,2,17,1,2743,1,1,1,1,8,6,0
1043,1,4,0,39,3,1,21,3,10880,1,1,1,1,3,3,1
1044,2,8,0,33,1,0,2,1,2342,1,1,1,1,4,3,1
1045,2,3,0,45,2,2,9,4,17650,1,1,1,1,2,2,0
1046,1,2,0,32,4,0,8,1,4025,1,1,1,1,6,6,0
1047,2,7,1,34,4,2,15,2,9725,1,1,1,1,3,3,1
1048,2,3,1,59,2,2,6,3,11904,1,1,1,1,1,1,0
1049,0,1,1,45,4,2,6,1,2177,1,1,1,1,7,6,0
1050,2,7,0,53,3,1,15,3,7525,1,1,1,1,7,6,0
1052,1,2,1,36,3,2,1,2,4834,1,1,1,1,4,3,0
1053,1,6,1,26,3,1,3,1,2042,1,1,1,1,2,2,1
1055,2,8,0,34,4,2,1,1,2220,1,1,1,1,1,1,1
1056,2,8,1,28,1,2,1,1,1052,1,1,1,1,2,2,1
1060,1,6,1,38,4,1,2,1,2821,1,1,1,1,6,6,1
1061,1,5,1,50,4,2,8,5,19237,1,1,1,1,2,2,0
1062,1,0,0,37,3,2,4,2,4107,1,1,1,1,3,3,1
1066,2,7,1,40,3,2,7,2,8396,1,1,1,1,6,5,0
1068,1,6,0,26,1,1,5,1,2007,1,1,1,1,6,6,1
1069,1,5,1,46,4,2,2,5,19627,1,1,1,1,5,4,1
1070,2,7,0,54,4,2,9,3,10686,1,1,1,1,7,6,1
1071,1,6,0,56,3,1,5,1,2942,1,1,1,1,2,1,0
1073,1,4,0,36,5,2,14,3,8858,1,1,1,1,4,4,0
1074,1,3,1,55,1,0,9,4,16756,1,1,1,1,1,1,1
1076,2,7,1,43,3,2,1,3,10798,1,1,1,1,3,3,0
1077,2,8,0,20,3,1,2,1,2323,1,1,1,1,4,3,1
1079,1,2,0,21,3,2,1,1,1416,1,0,0,1,1,1,1
1080,1,6,0,46,4,2,16,2,4615,1,1,1,1,7,4,0
1081,1,6,1,51,4,2,10,1,2461,1,1,1,1,3,3,1
1082,1,0,1,28,2,0,10,3,8722,1,1,1,1,6,6,0
1083,1,2,1,26,2,2,5,1,3955,1,1,1,1,4,4,1
1084,1,4,1,30,3,2,6,2,9957,1,1,1,1,5,3,1
1085,1,6,0,41,2,2,10,1,3376,1,1,1,1,6,5,0
1088,1,0,0,38,1,2,19,3,8823,1,1,1,1,5,5,1
1092,1,0,1,40,4,2,11,3,10322,1,1,1,1,6,3,1
1094,1,2,1,27,5,0,3,1,4621,1,1,1,1,3,3,1
1096,1,4,1,55,1,1,3,3,10976,1,1,1,1,4,4,0
1097,1,6,0,28,3,2,8,2,3660,1,1,1,1,3,3,0
1098,0,1,1,44,2,2,20,3,10482,1,1,1,1,5,4,1
1099,1,0,1,33,3,2,3,3,7119,1,1,1,1,5,5,1
1100,2,7,1,35,3,2,8,3,9582,1,1,1,1,3,3,0
1101,1,6,0,33,4,1,13,2,4508,1,1,1,1,5,5,0
1102,1,2,1,28,2,2,4,1,2207,1,1,1,1,4,4,0
1103,1,0,1,34,1,1,6,2,7756,1,1,1,1,4,4,0
1105,2,7,0,37,4,2,1,2,6694,1,1,1,1,4,3,1
1106,1,2,1,25,1,2,7,1,3691,1,1,1,1,5,5,0
1107,1,2,1,26,3,2,1,1,2377,1,1,1,1,3,2,1
1108,1,6,1,33,3,2,2,1,2313,1,1,1,1,4,4,0
1109,1,3,1,42,2,2,22,4,17665,1,1,1,1,3,3,0
1111,1,2,1,28,3,1,1,1,2596,1,0,1,1,2,2,1
1113,2,7,1,50,4,1,0,2,4728,1,1,1,1,2,2,1
1114,2,7,0,33,3,1,3,2,4302,1,1,1,1,4,3,1
1115,1,6,1,34,4,0,0,1,2979,1,1,1,1,4,4,1
1116,1,3,1,48,4,0,5,4,16885,1,1,1,1,5,4,0
1117,2,7,0,45,4,0,15,2,5593,1,1,1,1,4,3,1
1118,1,0,1,52,4,2,8,3,10445,1,1,1,1,5,5,1
1119,2,7,1,38,4,2,8,3,8740,1,1,1,1,6,6,0
1120,1,6,0,29,4,2,7,1,2514,1,1,1,1,4,3,0
1121,1,4,0,28,3,2,9,3,7655,1,1,1,1,3,3,0
1124,2,3,1,46,1,2,12,4,17465,1,1,1,1,2,2,0
1125,2,7,1,38,2,2,1,3,7351,1,1,1,1,4,2,1
1126,1,4,0,43,3,1,8,3,10820,1,1,1,1,2,2,1
1127,1,0,1,39,3,1,18,4,12169,1,1,1,1,3,3,1
1128,1,5,1,40,3,2,20,5,19626,1,1,1,1,2,2,1
1131,1,6,0,21,1,2,2,1,2070,1,1,1,1,4,4,1
1132,1,2,1,39,3,0,5,2,6782,1,1,1,1,8,6,0
1133,1,4,1,36,4,0,11,2,7779,1,1,1,1,5,5,0
1135,2,8,1,31,3,1,2,1,2791,1,1,1,1,4,4,0
1136,1,6,1,28,1,2,5,1,3201,1,1,1,1,7,5,0
1137,2,7,1,35,2,1,5,2,4968,1,1,1,1,5,5,0
1138,2,7,1,49,4,2,9,4,13120,1,1,1,1,7,7,1
1140,1,4,1,34,2,1,3,2,4033,1,1,1,1,4,4,0
1143,1,6,0,29,3,1,7,1,3291,1,1,1,1,2,2,1
1148,1,2,1,42,3,2,1,2,4272,1,1,1,1,3,3,0
1150,1,4,1,29,1,2,10,2,5056,1,1,1,1,5,5,1
1152,0,1,1,38,3,2,7,1,2844,1,1,1,1,4,3,1
1154,1,6,1,28,3,1,3,1,2703,1,1,1,1,3,2,1
1156,1,2,1,18,1,0,0,1,1904,0,1,1,1,2,2,1
1157,2,7,0,33,4,2,5,2,8224,1,1,1,1,2,2,0
1158,1,2,1,41,4,2,1,1,4766,1,1,1,1,2,2,1
1160,1,2,1,31,3,1,2,1,2610,1,1,1,1,7,6,1
1161,1,0,0,37,2,2,6,2,5731,1,1,1,1,3,3,0
1162,1,6,1,27,3,2,4,1,2539,1,1,1,1,4,4,1
1163,2,7,0,34,1,2,6,2,5714,1,1,1,1,5,5,0
1164,0,1,1,35,4,2,5,1,4323,1,1,1,1,3,2,0
1165,2,7,0,29,1,2,11,3,7336,1,1,1,1,5,4,0
1166,1,5,0,40,4,1,18,3,13499,1,1,1,1,4,4,0
1167,2,7,1,42,3,1,21,4,13758,1,1,1,1,5,4,0
1171,2,7,1,42,4,2,6,2,5155,1,1,1,1,4,3,1
1172,1,2,1,35,4,2,8,1,2258,1,1,1,1,5,4,0
1173,1,2,1,24,3,2,4,1,3597,1,1,1,1,5,5,0
1175,1,2,0,28,1,2,1,1,2515,1,1,1,1,4,4,1
1177,1,2,1,26,4,2,8,1,4420,1,1,1,1,3,3,0
1179,2,7,1,30,3,2,10,2,6578,1,1,1,1,4,4,1
1180,1,6,0,40,2,1,1,2,4422,1,1,1,1,3,2,0
1182,1,4,1,35,3,2,7,3,10274,1,1,1,1,5,5,0
1184,1,0,1,34,3,1,13,2,5343,1,1,1,1,4,3,1
1185,1,2,1,35,4,1,2,1,2376,1,1,1,1,4,3,1
1188,2,7,0,43,3,2,4,2,5346,1,1,1,1,6,6,1
1190,2,8,0,32,1,0,1,1,2827,1,1,1,1,1,1,1
1191,1,3,0,56,4,2,5,5,19943,1,1,1,1,3,3,1
1192,1,2,0,29,1,2,10,1,3131,1,1,1,1,3,2,1
1193,1,6,1,19,2,2,1,1,2552,1,1,1,1,3,3,0
1195,1,6,0,45,3,2,3,1,4477,1,1,1,1,3,3,1
1196,1,4,0,37,3,2,14,2,6474,1,1,1,1,5,4,1
1198,1,2,1,20,3,2,2,1,3033,1,1,1,1,5,4,0
1200,1,6,1,44,4,2,6,1,2936,1,1,1,1,5,5,1
1201,1,3,0,53,2,2,7,5,18606,1,1,1,1,4,4,1
1202,1,6,0,29,1,2,5,1,2168,1,1,1,1,5,4,0
1203,1,6,1,22,4,1,0,1,2853,0,1,0,1,1,1,1
1204,2,3,0,46,3,2,26,4,17048,1,1,1,1,3,2,1
1206,1,6,1,44,3,0,0,1,2290,1,1,1,1,4,4,0
1207,0,1,1,33,3,2,5,1,3600,1,1,1,1,5,5,0
1210,1,6,1,41,2,0,1,1,2107,1,1,1,1,4,4,1
1211,2,7,1,30,4,2,4,2,4115,1,1,1,1,6,4,0
1212,2,7,1,40,4,1,0,2,4327,0,1,0,1,1,1,1
1215,1,3,0,50,3,1,2,4,17856,1,1,1,1,4,3,1
1216,1,2,1,28,4,2,6,1,3196,1,1,1,1,6,5,0
1217,1,5,1,46,2,2,4,5,19081,1,1,1,1,1,1,0
1218,2,7,1,35,4,2,7,2,8966,1,1,1,1,3,3,0
1219,1,2,0,24,2,2,1,1,2210,1,1,1,1,1,1,1
1220,2,7,0,33,3,1,10,2,4539,1,1,1,1,5,5,0
1221,1,2,1,36,4,2,7,1,2741,1,1,1,1,2,2,1
1224,1,2,1,30,4,2,10,2,3491,1,1,1,1,5,4,0
1225,1,6,1,44,4,2,20,2,4541,1,1,1,1,1,1,1
1226,2,8,1,20,3,2,2,1,2678,1,1,1,1,4,4,1
1228,1,4,1,46,4,2,6,2,7379,1,1,1,1,4,4,1
1231,0,1,1,42,5,0,4,2,6272,1,1,1,1,5,5,0
1233,2,7,1,60,4,2,11,2,5220,1,1,1,1,5,5,1
1234,1,2,0,32,3,1,2,1,2743,1,1,1,1,4,4,0
1235,1,6,0,32,2,1,8,2,4998,1,1,1,1,2,2,0
1237,1,4,0,36,3,2,7,3,10252,1,1,1,1,6,5,0
1238,1,6,1,33,3,2,14,1,2781,1,1,1,1,3,3,1
1239,2,7,0,40,3,2,5,2,6852,1,1,1,1,3,3,0
1240,2,7,1,25,4,2,4,2,4950,1,1,1,1,3,3,1
1241,1,6,1,30,3,2,11,1,3579,1,1,1,1,1,1,1
1242,1,5,0,42,5,1,1,3,13191,1,1,1,1,5,5,1
1243,2,7,0,35,2,0,13,3,10377,1,1,1,1,7,5,1
1244,1,6,1,27,3,2,9,1,2235,1,1,1,1,7,6,0
1245,1,4,0,54,4,1,5,3,10502,1,1,1,1,4,2,1
1246,1,6,0,44,1,2,10,1,2011,1,1,1,1,4,4,1
1248,1,6,0,19,3,0,1,1,1859,1,1,0,1,5,5,1
1249,1,6,0,29,3,2,3,1,3760,1,1,1,1,1,1,0
1250,1,5,1,54,3,2,10,4,17779,1,1,1,1,4,4,1
1251,1,0,1,31,2,2,6,2,6833,1,1,1,1,4,4,1
1252,1,0,0,31,3,2,10,2,6812,1,1,1,1,5,3,0
1254,2,7,0,59,3,2,6,2,5171,1,1,1,1,6,6,0
1255,1,5,1,43,3,2,8,5,19740,1,1,1,1,4,4,0
1256,1,3,1,49,2,2,1,5,18711,1,1,1,1,9,9,1
1257,1,6,1,36,3,1,11,1,3692,1,1,1,1,5,5,0
1258,1,2,1,48,2,2,1,1,2559,1,1,1,1,5,5,1
1259,1,6,1,27,2,2,5,1,2517,1,1,1,1,3,2,1
1260,1,0,1,29,3,2,6,2,6623,1,1,1,1,4,3,0
1263,1,5,1,48,3,2,1,5,18265,1,1,1,1,2,2,1
1264,1,5,0,29,3,2,7,4,16124,1,1,1,1,4,4,1
1265,1,6,0,34,3,2,1,1,2585,1,1,1,1,5,5,1
1267,2,3,1,44,3,2,22,5,18213,1,1,1,1,2,2,0
1268,2,7,1,33,5,2,9,3,8380,1,1,1,1,3,3,0
1269,1,6,0,19,3,2,1,1,2994,0,1,1,1,3,3,1
1270,1,6,1,23,2,2,1,1,1223,1,1,1,1,6,6,0
1273,2,8,1,25,1,1,1,1,1118,1,1,1,1,3,3,1
1275,1,6,1,26,2,2,8,1,2875,1,1,1,1,2,2,1
1277,2,3,0,45,3,2,24,5,18824,1,1,1,1,3,3,1
1278,1,0,1,55,1,0,33,4,13577,1,1,1,1,1,1,0
1279,1,2,0,21,2,1,2,1,2625,1,1,1,1,4,2,0
1280,2,3,0,46,2,2,11,5,18789,1,1,1,1,2,2,1
1281,2,7,0,34,3,2,3,2,4538,1,1,1,1,5,5,1
1282,2,3,1,51,3,1,29,5,19847,1,1,1,1,3,3,1
1283,1,4,1,59,4,2,9,3,10512,1,1,1,1,2,2,1
1285,1,2,0,34,3,1,11,2,4444,1,1,1,1,6,3,0
1286,1,2,1,28,4,1,4,1,2154,1,1,1,1,3,2,1
1288,1,3,1,44,2,2,25,5,19190,1,1,1,1,2,2,0
1289,0,1,1,34,3,1,10,2,4490,1,1,1,1,6,6,1
1291,1,6,1,35,1,2,3,1,3506,1,1,1,1,6,5,1
1292,1,6,0,42,4,2,1,2,2372,1,1,1,1,2,2,1
1293,2,7,0,43,4,2,21,3,10231,1,1,1,1,5,4,1
1294,1,4,0,36,4,2,16,2,5410,1,1,1,1,2,2,1
1295,1,0,0,44,3,2,10,3,7978,1,1,1,1,3,3,0
1296,1,2,1,28,3,1,2,1,3867,1,1,1,1,5,5,1
1297,1,2,0,51,2,1,7,1,2838,1,1,1,1,6,4,1
1298,1,4,0,30,2,0,8,2,4695,1,1,1,1,4,4,0
1299,1,2,0,29,3,2,7,1,3339,1,1,1,1,2,2,0
1301,1,6,1,28,3,2,3,1,2080,1,1,1,1,2,2,1
1303,1,6,0,25,3,2,2,1,2096,1,1,1,1,1,1,0
1304,2,7,1,32,3,2,10,2,6209,1,1,1,1,4,4,1
1306,1,3,0,45,3,1,0,5,18061,1,1,1,1,4,4,0
1307,1,3,0,39,4,2,19,4,17123,1,1,1,1,5,5,1
1308,1,6,1,58,4,2,2,1,2372,1,1,1,1,6,6,1
1309,1,2,1,32,2,2,10,2,4883,1,1,1,1,6,5,0
1310,1,6,1,39,3,2,5,1,3904,1,1,1,1,2,2,0
1311,1,2,0,30,3,2,9,2,4627,1,1,1,1,1,1,0
1312,1,0,0,36,4,2,7,3,7094,1,1,1,1,5,4,1
1314,0,1,0,46,2,2,7,1,3423,1,1,1,1,4,4,1
1315,1,2,0,28,3,0,9,2,6674,1,1,1,1,5,5,1
1317,1,5,0,50,3,2,3,4,16880,1,1,1,1,3,3,0
1318,2,7,1,40,4,2,5,3,9094,1,1,1,1,4,4,0
1319,2,7,1,52,3,2,8,3,8446,1,1,1,1,7,4,1
1321,1,3,0,30,4,2,9,3,11916,1,1,1,1,4,4,0
1322,1,4,1,39,2,2,8,2,4534,1,1,1,1,3,3,1
1324,2,7,0,31,4,0,10,3,9852,1,1,1,1,4,4,1
1329,2,7,1,41,2,0,19,2,6151,1,1,1,1,1,1,0
1331,2,8,0,31,3,1,3,1,2302,1,1,1,1,4,4,1
1333,1,2,1,44,3,2,3,1,2362,1,1,1,1,4,4,1
1334,1,3,1,42,1,0,20,4,17861,1,1,1,1,2,2,0
1336,1,3,0,55,2,2,19,5,19187,1,1,1,1,3,3,0
1338,0,3,1,56,4,2,7,5,19717,1,1,1,1,2,2,1
1340,1,6,1,40,2,0,4,1,3544,1,1,1,1,3,3,0
1344,1,0,1,34,3,2,9,3,8500,1,1,1,1,3,3,0
1346,1,6,1,40,3,2,9,2,4661,1,1,1,1,6,5,1
1349,2,7,0,41,3,1,9,2,4103,1,1,1,1,4,4,0
1350,1,6,1,35,4,1,9,2,4249,1,1,1,1,2,2,1
1352,0,3,1,51,3,2,33,4,14026,1,1,1,1,4,4,1
1355,2,7,0,38,2,2,7,2,6893,1,1,1,1,3,3,0
1356,2,7,0,34,2,2,10,2,6125,1,1,1,1,5,5,0
1358,1,2,1,25,1,2,3,1,3669,1,1,1,1,4,3,1
1360,1,4,0,58,4,2,10,3,10008,1,1,1,1,5,5,0
1361,1,2,1,40,4,2,4,1,2387,1,1,1,1,6,5,0
1362,2,7,0,36,3,1,15,2,4639,1,1,1,1,3,3,0
1363,1,4,1,48,3,2,10,3,7898,1,1,1,1,3,3,1
1364,2,8,0,27,3,2,1,1,2534,1,0,0,1,2,2,1
1367,1,4,0,51,2,2,5,4,13142,1,1,1,1,7,6,1
1368,1,2,0,18,3,0,0,1,1611,1,1,1,1,3,3,1
1369,1,2,0,35,3,2,9,2,5363,1,1,1,1,8,7,1
1371,2,7,1,27,1,1,6,2,5071,1,1,1,1,4,4,1
1372,2,7,1,55,4,2,19,4,13695,1,1,1,1,2,2,0
1373,1,4,1,56,3,2,19,4,13402,1,1,1,1,3,3,0
1374,1,6,0,34,1,0,5,1,2029,1,1,1,1,9,7,0
1375,1,0,0,40,1,2,12,2,6377,1,1,1,1,1,1,0
1377,1,2,1,34,3,2,8,2,5429,1,1,1,1,4,3,0
1379,2,8,0,31,3,1,1,1,2785,1,1,1,1,3,3,1
1380,2,7,0,35,4,1,4,2,4614,1,1,1,1,6,6,0
1382,1,6,1,38,3,1,4,1,2610,1,1,1,1,6,6,1
1383,1,0,0,34,4,2,14,2,6687,1,1,1,1,3,3,0
1387,2,7,1,28,3,2,5,2,4724,1,1,1,1,5,5,0
1389,1,4,1,31,4,2,10,2,6179,1,1,1,1,5,5,0
1390,2,7,1,39,4,2,5,2,6120,1,1,1,1,4,4,0
1391,2,7,1,51,3,1,4,3,10596,1,1,1,1,5,3,1
1392,1,6,0,41,3,1,6,2,5467,1,1,1,1,7,6,0
1394,1,6,1,37,1,2,6,1,2996,1,1,1,1,3,3,1
1395,2,7,1,33,1,1,5,2,9998,1,1,1,1,6,5,0
1396,2,7,1,32,1,2,3,2,4078,1,1,1,1,5,4,0
1397,1,0,1,39,2,0,6,3,10920,1,1,1,1,6,6,0
1399,2,7,1,25,1,2,3,2,6232,1,1,1,1,4,4,1
1401,1,4,0,52,2,1,5,4,13247,1,1,1,1,4,4,0
1402,1,6,0,43,3,2,20,2,4081,1,1,1,1,3,3,1
1403,2,7,0,27,3,2,6,2,5769,1,1,1,1,4,4,0
1405,1,6,0,27,4,2,8,1,2394,1,1,1,1,6,4,1
1407,1,6,1,26,1,2,4,1,3904,1,1,1,1,2,2,0
1408,0,3,0,42,3,2,20,4,16799,1,1,1,1,5,4,0
1409,1,2,0,52,4,2,5,1,2950,1,1,1,1,4,3,0
1411,1,2,0,37,3,2,3,1,3629,1,1,1,1,4,4,0
1412,1,4,1,35,2,1,2,3,9362,1,1,1,1,3,3,0
1415,1,2,1,25,3,2,3,1,3229,1,1,1,1,2,2,0
1417,1,2,1,26,3,2,7,1,3578,1,1,1,1,6,6,0
1419,0,1,1,29,3,2,10,3,7988,1,1,1,1,5,5,1
1420,1,2,1,49,2,1,4,2,4284,1,1,1,1,3,2,0
1421,1,0,0,29,1,1,8,3,7553,1,1,1,1,9,4,0
1422,1,5,0,54,3,2,20,4,17328,1,1,1,1,6,5,0
1423,1,5,0,58,3,2,9,5,19701,1,1,1,1,2,1,0
1424,1,5,1,55,4,2,7,4,14732,1,1,1,1,8,7,1
1425,2,7,0,36,4,2,5,2,9278,1,1,1,1,3,3,0
1427,2,8,0,31,4,1,1,1,1359,1,1,1,1,4,3,0
1428,2,7,0,30,4,2,3,2,4779,1,1,1,1,5,4,0
1430,1,5,0,31,5,2,3,4,16422,1,1,1,1,5,4,1
1431,1,6,1,34,4,1,4,1,2996,1,1,1,1,2,2,0
1433,1,6,0,31,3,2,1,1,1261,1,1,1,1,6,5,0
1434,1,2,1,27,1,2,5,1,2099,1,1,1,1,3,3,0
1435,1,2,1,36,4,2,10,2,5810,1,1,1,1,2,2,0
1436,2,7,0,36,4,2,3,2,5647,1,1,1,1,5,5,0
1438,1,6,1,47,3,2,6,1,3420,1,1,1,1,6,6,0
1439,2,8,1,25,2,2,3,1,4400,1,1,1,1,4,3,1
1440,1,2,1,37,2,0,6,1,3500,1,1,1,1,4,4,1
1441,1,6,0,56,2,2,3,1,2066,1,1,1,1,4,3,0
1443,1,5,0,47,4,2,20,4,17169,1,1,1,1,6,5,0
1445,2,7,0,24,1,2,5,2,4162,1,1,1,1,5,5,1
1446,2,7,1,32,5,2,4,2,9204,1,1,1,1,2,2,0
1447,1,2,0,34,3,2,5,1,3294,1,1,1,1,5,5,0
1448,1,6,1,41,5,2,4,1,2127,1,1,1,1,5,3,0
1449,1,2,1,40,4,0,8,2,3975,1,1,1,1,6,5,0
1453,2,7,1,31,2,2,13,3,10793,1,1,1,1,4,4,1
1457,2,7,1,46,3,2,7,3,10096,1,1,1,1,4,3,0
1458,1,2,0,39,3,0,1,1,3646,1,1,1,1,4,3,1
1459,1,4,0,31,5,1,10,3,7446,1,1,1,1,6,4,0
1460,1,0,1,45,3,2,7,3,10851,1,1,1,1,5,5,0
1461,0,1,0,31,2,2,3,1,2109,1,1,1,1,3,3,0
1464,1,2,1,31,3,1,2,1,3722,1,1,1,1,4,3,0
1465,1,4,1,45,3,2,3,3,9380,1,1,1,1,2,2,1
1466,2,7,1,48,3,2,2,2,5486,1,1,1,1,6,4,0
1467,0,1,0,34,4,2,2,1,2742,1,1,1,1,4,4,1
1468,1,5,1,40,1,0,9,3,13757,1,1,1,1,4,4,1
1469,2,7,1,28,3,2,5,2,8463,1,1,1,1,6,4,1
1471,1,2,1,44,3,0,5,1,3162,1,1,1,1,4,3,0
1472,1,5,1,53,3,2,9,4,16598,1,1,1,1,4,3,1
1473,1,0,1,49,4,2,3,2,6651,1,1,1,1,3,3,0
1474,1,6,1,40,3,2,3,1,2345,1,1,1,1,3,2,0
1475,1,6,1,44,3,2,5,1,3420,1,1,1,1,2,2,0
1477,2,7,1,33,3,1,4,2,4373,1,1,1,1,3,3,1
1478,2,7,1,34,3,2,13,2,4759,1,1,1,1,7,7,0
1479,2,7,1,30,1,2,2,2,5301,1,1,1,1,5,5,0
1480,1,2,0,42,2,1,12,1,3673,1,1,1,1,3,3,1
1481,2,7,0,44,5,1,1,2,4768,1,1,1,1,2,2,1
1482,1,6,1,30,3,0,1,1,1274,1,1,1,1,4,4,1
1483,1,6,1,57,2,2,12,2,4900,1,1,1,1,7,6,0
1484,1,0,1,49,4,2,8,3,10466,1,1,1,1,6,3,0
1485,1,5,1,34,3,1,14,4,17007,1,1,1,1,3,2,0
1486,2,8,1,28,3,1,3,1,2909,1,1,1,1,6,6,0
1487,2,7,0,29,3,1,5,2,5765,1,1,1,1,5,4,1
1489,2,7,0,34,4,2,15,2,4599,1,1,1,1,7,7,0
1492,2,8,1,35,1,2,1,1,2404,1,1,1,1,7,5,0
1494,1,2,1,24,3,1,0,1,3172,1,1,1,1,2,2,1
1495,2,8,0,24,2,0,1,1,2033,1,1,1,1,5,4,1
1496,1,4,1,44,1,1,2,3,10209,1,1,1,1,3,3,1
1497,2,7,1,29,3,2,10,2,8620,1,1,1,1,4,4,1
1499,0,1,1,30,3,2,5,1,2064,1,1,1,1,4,3,1
1501,1,0,1,55,4,2,3,2,4035,1,1,1,1,1,1,1
1502,1,2,0,33,4,2,5,1,3838,1,1,1,1,2,2,1
1503,2,7,0,47,3,2,5,2,4591,1,1,1,1,4,4,0
1504,1,2,1,28,2,1,0,1,2561,0,1,1,0,3,3,1
1506,1,6,1,28,3,2,1,1,1563,1,1,1,1,6,5,0
1507,2,7,1,28,3,1,4,2,4898,1,1,1,1,5,4,1
1509,1,2,0,49,2,2,3,2,4789,1,1,1,1,4,4,1
1513,1,2,0,29,1,1,3,1,3180,1,1,1,1,2,1,1
1514,1,4,1,28,1,2,8,2,6549,1,1,1,1,1,1,1
1515,1,0,1,33,5,2,0,2,6388,1,1,1,1,4,3,1
1516,1,3,1,32,3,2,5,3,11244,1,1,1,1,3,3,1
1520,1,3,0,54,4,1,14,4,16032,1,1,1,1,5,4,0
1522,1,6,1,29,4,2,9,1,2362,1,1,1,1,4,4,0
1523,1,5,1,44,3,2,20,4,16328,1,1,1,1,4,3,1
1525,1,4,0,39,3,2,2,3,8376,1,1,1,1,3,3,1
1527,2,3,0,46,3,2,13,4,16606,1,1,1,1,2,2,1
1529,1,0,0,35,3,2,11,3,8606,1,1,1,1,3,3,1
1533,1,2,1,23,1,2,4,2,2272,1,1,1,1,5,5,0
1534,1,2,1,40,4,2,5,1,2018,1,1,1,1,5,4,1
1535,2,7,1,34,3,2,10,3,7083,1,1,1,1,3,2,0
1537,1,6,0,31,3,1,7,1,4084,1,1,1,1,2,2,0
1539,1,5,1,50,5,1,32,4,14411,1,1,1,1,4,4,0
1541,2,8,1,34,2,2,11,1,2308,1,1,1,1,2,2,0
1542,1,2,1,42,3,2,1,1,4841,1,1,1,1,2,2,1
1543,1,6,1,37,3,2,10,2,4285,1,1,1,1,1,1,1
1544,1,0,0,29,1,2,7,2,9715,1,1,1,1,9,6,0
1545,1,4,1,33,3,2,5,2,4320,1,1,1,1,2,2,1
1546,1,6,1,45,3,2,5,1,2132,1,1,1,1,1,1,1
1547,1,0,1,42,3,1,20,3,10124,1,1,1,1,2,2,1
1548,2,7,1,40,2,2,8,2,5473,1,1,1,1,4,4,0
1549,1,2,1,33,4,2,15,2,5207,1,1,1,1,2,2,0
1550,0,3,1,40,2,2,21,4,16437,1,1,1,1,2,2,1
1551,1,2,1,24,2,2,1,1,2296,1,1,1,1,3,3,0
1552,1,0,1,40,2,0,2,2,4069,1,1,1,1,2,2,1
1553,1,0,1,45,4,2,10,3,7441,1,1,1,1,4,3,1
1554,2,8,0,35,4,2,5,1,2430,1,1,1,1,3,3,1
1555,1,6,0,32,2,2,7,2,5878,1,1,1,1,6,6,1
1556,2,8,1,36,4,2,3,1,2644,1,1,1,1,5,5,0
1557,2,7,0,48,4,2,8,2,6439,1,1,1,1,4,3,0
1558,1,6,1,29,3,2,1,1,2451,1,1,1,1,1,1,1
1560,2,7,1,33,4,2,2,2,6392,1,1,1,1,7,6,1
1562,2,7,1,30,3,2,10,2,9714,1,1,1,1,8,6,0
1563,0,1,1,38,4,1,6,2,6077,1,1,1,1,2,2,1
1564,1,2,1,35,3,2,3,1,2450,1,1,1,1,4,4,1
1568,2,7,1,30,4,2,4,3,9250,1,1,1,1,4,4,1
1569,1,2,0,35,3,2,1,1,2074,1,1,1,1,2,2,1
1572,1,4,0,53,5,2,33,3,10169,1,1,1,1,2,1,1
1573,1,4,1,38,3,2,5,2,4855,1,1,1,1,5,4,0
1574,1,6,1,32,4,0,6,2,4087,1,1,1,1,3,3,0
1576,1,6,0,48,4,2,8,1,2367,1,1,1,1,6,6,0
1577,1,6,1,34,4,2,1,1,2972,1,1,1,1,4,4,1
1578,2,3,1,55,5,2,36,5,19586,1,1,1,1,7,5,0
1580,1,6,1,34,4,2,2,2,5484,1,1,1,1,2,2,0
1581,1,6,0,26,3,2,1,1,2061,1,1,1,1,6,5,0
1582,2,7,1,38,3,2,9,2,9924,1,1,1,1,2,2,0
1583,2,7,0,38,3,2,3,2,4198,1,1,1,1,2,2,0
1585,2,7,0,36,4,2,1,2,6815,1,1,1,1,4,4,1
1586,1,2,1,29,1,2,10,1,4723,1,1,1,1,4,4,0
1587,1,0,0,35,4,2,5,2,6142,1,1,1,1,6,4,0
1588,2,7,1,39,3,2,7,3,8237,1,1,1,1,3,3,0
1590,1,0,1,29,1,1,6,2,8853,1,1,1,1,6,6,0
1591,2,3,1,50,3,2,1,5,19331,1,1,0,1,1,1,1
1592,1,6,1,23,3,2,2,1,2073,1,1,1,1,7,6,0
1594,1,2,1,36,4,1,3,2,5562,1,1,1,1,3,3,0
1595,1,3,1,42,2,2,1,5,19613,1,1,1,1,4,4,1
1596,1,2,1,35,3,2,10,2,3407,1,1,1,1,3,2,1
1597,1,0,1,34,4,1,8,2,5063,1,1,1,1,3,3,0
1598,2,7,0,40,2,2,5,2,4639,1,1,1,1,2,2,1
1599,1,2,1,43,3,2,6,1,4876,1,1,1,1,5,5,0
1601,1,2,1,35,2,2,1,1,2690,1,1,1,1,5,4,1
1602,2,3,1,46,4,2,26,4,17567,1,1,1,1,5,5,1
1604,1,2,1,28,3,2,1,1,2408,1,1,1,1,1,1,0
1605,1,6,0,22,2,0,4,1,2814,1,1,1,1,6,4,0
1606,1,0,1,50,5,1,30,4,11245,1,1,1,1,4,4,1
1607,1,6,0,32,4,2,3,1,3312,1,1,1,1,3,3,1
1608,1,5,0,44,3,2,22,5,19049,1,1,1,1,3,2,0
1609,1,6,1,30,3,2,6,1,2141,1,1,1,1,8,5,1
1611,1,2,0,45,5,2,10,2,5769,1,1,1,1,7,5,1
1612,2,7,1,45,3,0,10,2,4385,1,1,1,1,3,3,1
1613,2,7,1,31,4,1,5,2,5332,1,1,1,1,4,3,0
1614,1,4,0,36,4,2,3,2,4663,1,1,1,1,2,2,1
1615,1,4,1,34,4,1,9,2,4724,1,1,1,1,2,2,0
1617,1,2,0,49,4,2,9,1,3211,1,1,1,1,4,3,1
1618,1,4,1,39,5,2,7,2,5377,1,1,1,1,3,3,1
1619,1,2,1,27,3,2,7,1,4066,1,1,1,1,4,4,1
1621,1,6,1,35,5,2,16,2,5208,1,1,1,1,6,4,0
1622,1,4,0,28,3,2,5,2,4877,1,1,1,1,3,3,1
1623,1,6,1,21,1,2,2,1,3117,1,1,1,1,2,2,1
1624,2,8,0,18,2,1,0,1,1569,1,1,1,1,3,2,1
1625,0,3,0,47,4,2,5,5,19658,1,1,1,1,5,5,0
1627,1,2,1,39,2,2,10,2,3069,1,1,1,1,3,3,1
1628,1,4,0,40,3,2,18,3,10435,1,1,1,1,1,1,0
1630,1,0,0,35,4,0,14,2,4148,1,1,1,1,2,2,0
1631,1,4,1,37,3,2,4,2,5768,1,1,1,1,5,4,0
1633,1,4,0,39,3,1,9,2,5042,1,1,1,1,5,4,1
1635,1,4,0,45,2,2,10,2,5770,1,1,1,1,2,2,1
1638,1,4,0,38,2,2,5,3,7756,1,1,1,1,4,4,1
1639,2,7,1,35,3,2,13,3,10306,1,1,1,1,6,5,1
1640,1,6,0,37,3,2,8,1,3936,1,1,1,1,6,6,1
1641,1,4,0,40,3,2,4,3,7945,1,1,1,1,3,2,1
1642,0,1,1,44,5,1,10,2,5743,1,1,1,1,3,2,1
1644,1,3,1,48,5,1,2,4,15202,1,1,1,1,3,2,0
1645,2,7,1,35,2,2,2,2,5440,1,1,1,1,1,1,1
1646,1,6,0,24,1,1,6,1,3760,1,1,1,1,2,2,0
1647,1,6,0,27,3,2,3,1,3517,1,1,1,1,4,4,0
1648,1,6,1,27,3,1,4,1,2580,1,1,1,1,4,4,1
1649,1,2,1,40,3,2,4,1,2166,1,1,1,1,4,4,0
1650,2,7,1,29,3,2,5,2,5869,1,1,1,1,6,4,1
1651,1,0,0,36,4,2,3,3,8008,1,1,1,1,3,2,1
1653,1,4,1,25,1,1,7,2,5206,1,1,1,1,3,3,0
1654,1,4,1,39,3,2,5,2,5295,1,1,1,1,5,4,1
1655,1,5,0,49,4,2,4,4,16413,1,1,1,1,4,4,1
1656,1,5,0,50,5,2,14,3,13269,1,1,1,1,4,4,0
1657,2,8,0,20,3,2,2,1,2783,1,1,1,1,5,5,0
1658,1,6,0,34,3,2,11,2,5433,1,1,1,1,5,5,1
1659,1,2,1,36,3,2,4,1,2013,1,1,1,1,2,2,1
1661,1,0,0,49,1,2,15,4,13966,1,1,1,1,5,5,1
1662,1,4,0,36,4,0,3,2,4374,1,1,1,1,3,3,1
1664,1,0,1,36,2,2,5,2,6842,1,1,1,1,4,4,0
1665,1,3,0,54,5,2,10,4,17426,1,1,1,1,2,2,1
1666,1,5,1,43,2,2,14,4,17603,1,1,1,1,2,1,1
1667,2,7,1,35,4,1,11,2,4581,1,1,1,1,8,4,1
1668,1,6,1,38,3,1,13,2,4735,1,1,1,1,3,2,0
1669,2,7,1,29,3,2,10,2,4187,1,1,1,1,4,4,0
1670,2,7,1,33,4,2,6,2,5505,1,1,1,1,5,5,0
1671,1,6,1,32,3,2,9,2,5470,1,1,1,1,2,2,1
1673,2,7,0,31,4,2,10,2,5476,1,1,1,1,2,2,0
1674,1,2,0,49,3,2,2,1,2587,1,1,1,1,5,5,0
1675,1,2,0,38,3,1,4,1,2440,1,1,1,1,4,2,1
1676,2,3,0,47,4,2,3,4,15972,1,1,1,1,4,4,0
1677,1,3,1,49,3,2,8,4,15379,1,1,1,1,7,5,0
1678,2,7,1,41,2,2,2,3,7082,1,1,1,1,2,2,0
1680,2,8,1,20,1,2,2,1,2728,1,1,1,1,6,6,0
1681,2,7,0,33,3,0,6,2,5368,1,1,1,1,3,3,1
1682,1,0,1,36,4,2,3,2,5347,1,1,1,1,4,4,0
1683,0,1,0,44,3,2,2,1,3195,1,1,1,1,3,3,0
1684,1,2,1,23,1,2,5,1,3989,1,1,1,1,4,4,1
1687,1,2,0,38,2,2,0,1,3306,1,1,1,1,5,4,1
1689,1,0,1,53,4,2,4,3,7005,1,1,1,1,6,5,0
1691,2,8,0,48,2,1,9,1,2655,1,1,1,1,4,4,1
1692,1,2,1,32,4,2,1,1,1393,1,1,1,1,1,1,1
1693,1,2,1,26,3,0,7,1,2570,1,1,1,1,3,3,1
1694,1,6,1,55,3,2,4,1,3537,1,1,1,1,5,5,1
1696,1,2,1,34,2,2,15,2,3986,1,1,1,1,3,3,0
1697,1,0,1,60,4,2,1,3,10883,1,1,1,1,2,2,1
1698,1,2,1,33,3,2,14,1,2028,1,1,1,1,6,5,0
1700,2,7,1,37,4,1,6,2,9525,1,1,1,1,2,2,0
1701,1,6,0,34,3,2,10,1,2929,1,1,1,1,4,4,1
1702,2,8,1,23,3,2,3,1,2275,1,1,1,1,3,2,0
1703,1,0,0,44,3,2,8,3,7879,1,1,1,1,3,3,1
1704,1,6,1,35,4,1,5,1,4930,1,1,1,1,4,4,0
1706,2,7,1,43,3,2,10,2,7847,1,1,1,1,6,5,1
1707,1,6,1,24,3,2,5,1,4401,1,1,1,1,3,2,1
1708,2,7,1,41,3,2,10,3,9241,1,1,1,1,6,4,0
1709,1,2,0,29,4,2,5,1,2974,1,1,1,1,3,3,0
1710,2,8,0,36,4,2,13,2,4502,1,1,1,1,2,2,1
1712,1,0,1,45,1,0,23,3,10748,1,1,1,1,3,3,1
1714,0,1,1,24,1,2,1,1,1555,1,1,1,1,2,2,1
1716,2,7,1,47,3,1,23,4,12936,1,1,1,1,4,3,1
1718,1,2,1,26,4,2,3,1,2305,1,1,1,1,2,2,1
1719,1,5,0,45,2,2,21,4,16704,1,1,1,1,6,5,0
1720,1,6,1,32,3,1,5,1,3433,1,1,1,1,3,3,1
1721,1,2,1,31,4,2,5,1,3477,1,1,1,1,6,5,1
1722,0,1,1,41,3,0,3,2,6430,1,1,1,1,4,4,1
1724,1,4,0,40,2,2,1,2,6516,1,1,1,1,4,4,1
1725,1,2,1,24,1,2,6,1,3907,1,1,1,1,7,6,0
1727,1,0,1,46,4,2,10,2,5562,1,1,1,1,2,2,1
1728,1,4,1,35,4,2,7,2,6883,1,1,1,1,2,2,0
1729,1,6,1,30,1,2,10,1,2862,1,1,1,1,3,2,0
1731,2,7,1,47,4,0,1,2,4978,0,1,0,0,2,2,1
1732,2,7,1,46,3,2,10,3,10368,1,1,1,1,6,3,0
1733,2,7,1,36,5,2,2,2,6134,1,1,1,1,2,2,1
1734,2,7,1,32,2,2,0,2,6735,1,1,1,1,4,4,1
1735,1,2,0,23,1,2,3,1,3295,1,1,1,1,1,1,1
1736,1,4,0,31,1,1,5,2,5238,1,1,1,1,6,6,1
1737,1,2,1,39,3,0,9,2,6472,1,1,1,1,2,2,0
1739,2,7,1,32,3,2,4,3,9610,1,1,1,1,4,4,0
1740,2,3,1,40,4,2,21,5,19833,1,1,1,1,3,3,1
1744,0,1,0,45,3,2,5,3,9756,1,1,1,1,2,2,1
1745,1,6,0,30,4,1,9,1,4968,1,1,1,1,5,4,1
1746,0,1,1,24,3,1,2,1,2145,1,1,1,1,3,3,1
1747,0,1,0,30,3,1,4,1,2180,1,1,1,1,2,2,1
1749,2,7,1,31,3,2,5,2,8346,1,1,1,1,4,4,1
1751,1,6,0,27,3,2,6,1,3445,1,1,1,1,4,4,0
1752,2,8,0,29,3,2,2,1,2760,1,1,1,1,3,3,0
1753,1,0,1,29,3,1,3,2,6294,1,1,1,1,3,3,0
1754,2,7,1,30,2,2,7,3,7140,1,1,1,1,5,4,1
1755,1,6,1,34,4,2,5,1,2932,1,1,1,1,4,4,0
1756,2,7,0,33,3,0,11,2,5147,1,1,1,1,3,3,0
1757,2,7,0,49,4,2,5,2,4507,1,1,1,1,4,4,1
1758,2,7,0,33,3,2,0,3,8564,1,1,1,1,2,2,1
1760,1,2,0,38,2,1,6,1,2468,1,1,1,1,5,4,0
1761,2,7,1,31,4,2,1,3,8161,1,1,1,1,6,4,1
1762,1,6,0,29,3,2,1,1,2109,1,1,1,1,5,5,1
1763,1,0,1,30,3,2,7,2,5294,1,1,1,1,3,3,1
1764,1,6,1,32,4,0,7,1,2718,1,1,1,1,3,3,0
1766,1,0,1,38,3,2,1,2,5811,1,1,1,1,4,4,1
1767,1,6,1,43,3,1,1,1,2437,1,1,1,1,6,4,1
1768,1,2,1,42,3,2,5,1,2766,1,1,1,1,5,5,0
1770,1,5,1,55,3,2,1,5,19038,0,0,1,0,1,1,1
1771,1,6,1,33,3,0,9,2,3055,1,1,1,1,1,1,1
1772,1,2,1,41,4,2,5,1,2289,1,1,1,1,5,4,0
1774,2,7,1,34,3,0,15,2,4001,1,1,1,1,1,1,1
1775,1,4,0,53,4,0,3,4,12965,1,1,1,1,2,2,1
1778,0,1,1,43,3,2,9,1,3539,1,1,1,1,3,2,0
1779,2,7,0,34,2,2,2,2,6029,1,1,1,1,2,2,1
1780,2,8,1,21,1,2,1,1,2679,1,1,1,1,5,4,0
1782,1,2,0,38,2,2,5,1,3702,1,1,1,1,2,2,0
1783,1,2,0,22,1,2,1,1,2398,1,1,1,1,1,1,0
1784,2,7,0,31,4,2,12,2,5468,1,1,1,1,3,3,1
1786,1,3,0,51,3,2,2,3,13116,1,1,1,1,6,5,1
1787,2,7,1,37,2,2,5,2,4189,1,1,1,1,5,4,0
1789,1,5,1,46,4,2,2,5,19328,1,1,1,1,6,6,1
1790,1,0,1,36,3,2,12,3,8321,1,1,1,1,3,3,1
1792,1,6,1,44,2,1,5,1,2342,1,1,1,1,5,4,0
1794,0,1,1,37,2,2,10,2,4071,1,1,1,1,6,5,0
1797,2,7,1,35,3,2,10,2,5813,1,1,1,1,5,5,0
1798,1,6,1,33,4,2,10,1,3143,1,1,1,1,4,3,0
1799,1,6,1,28,3,2,5,1,2044,1,1,1,1,6,5,1
1800,1,5,1,39,1,2,4,3,13464,1,1,1,1,4,3,0
1801,2,7,1,46,2,0,2,2,7991,1,1,1,1,3,3,0
1802,1,2,0,40,2,2,4,1,3377,1,1,1,1,2,2,1
1803,1,0,1,42,3,2,0,2,5538,1,1,1,1,1,1,1
1804,1,4,1,35,2,0,7,2,5762,1,1,1,1,5,5,0
1805,0,1,1,38,3,0,11,1,2592,1,1,1,1,3,2,0
1807,1,2,1,34,4,1,7,2,5346,1,1,1,1,4,4,1
1809,1,4,1,37,4,2,10,2,4213,1,1,1,1,5,5,0
1812,2,7,1,39,3,1,2,2,4127,1,1,1,1,5,4,0
1813,1,6,1,43,3,0,3,1,2438,1,1,1,1,5,4,0
1814,1,0,1,41,3,2,3,2,6870,1,1,1,1,5,5,0
1815,2,7,0,41,1,2,22,3,10447,1,1,1,1,6,4,1
1816,1,4,0,30,3,2,7,3,9667,1,1,1,1,4,3,0
1818,0,1,0,26,2,2,5,1,2148,1,1,1,1,2,2,0
1821,1,0,0,46,2,2,9,2,8926,1,1,1,1,2,2,0
1822,1,0,0,40,3,2,5,2,6513,1,1,1,1,5,4,1
1823,2,7,1,34,2,2,10,2,6799,1,1,1,1,5,4,1
1824,2,3,1,58,3,0,16,4,16291,1,1,1,1,5,4,1
1826,1,2,1,35,4,2,5,1,2705,1,1,1,1,3,3,1
1827,1,4,0,47,3,2,22,3,10333,1,1,1,1,8,6,0
1829,1,0,0,40,3,2,7,2,4448,1,1,1,1,3,3,1
1830,1,6,0,54,4,2,7,2,6854,1,1,1,1,3,3,0
1833,2,7,0,31,4,1,3,3,9637,1,1,1,1,3,3,0
1834,1,6,0,28,3,2,3,1,3591,1,1,1,1,6,5,0
1835,2,8,0,38,4,2,4,2,5405,1,1,1,1,6,3,0
1836,2,7,1,26,3,2,5,2,4684,1,1,1,1,5,3,0
1837,1,5,1,58,4,1,2,4,15787,1,1,1,1,5,3,0
1839,1,6,0,18,3,0,0,1,1514,1,1,1,1,4,4,0
1842,0,1,1,31,5,2,1,1,2956,1,1,1,1,3,3,1
1844,0,1,1,29,3,2,2,1,2335,1,1,1,1,3,3,0
1845,2,7,0,45,4,0,8,2,5154,1,1,1,1,4,4,1
1847,1,6,0,36,4,2,1,2,6962,1,1,1,1,1,1,1
1849,2,7,1,43,4,1,7,2,5675,1,1,1,1,4,2,1
1850,1,2,0,27,2,1,5,1,2379,1,1,1,1,3,3,0
1852,1,2,1,29,1,1,11,1,3812,1,1,1,1,5,5,0
1853,2,7,1,32,4,1,0,2,4648,1,0,1,1,3,2,1
1854,1,6,1,42,4,0,6,1,2936,1,1,1,1,6,4,0
1856,1,2,0,47,4,2,2,1,2105,1,1,1,1,5,4,0
1857,1,4,1,46,2,2,9,3,8578,1,1,1,1,4,3,1
1858,0,1,1,28,2,0,3,1,2706,1,1,1,1,6,4,1
1859,1,0,1,29,1,2,7,2,6384,1,1,1,1,3,3,0
1860,1,2,1,42,3,2,0,1,3968,1,1,1,1,1,1,1
1862,2,7,1,32,4,2,2,2,9907,1,1,1,1,5,3,0
1863,2,7,0,46,3,2,19,4,13225,1,1,1,1,5,4,0
1864,2,8,0,27,1,2,9,2,3540,1,1,1,1,2,2,1
1865,0,1,1,29,1,2,1,1,2804,1,1,1,1,3,3,1
1866,1,3,0,43,3,2,16,5,19392,1,1,1,1,5,4,0
1867,1,5,1,48,3,2,22,5,19665,1,1,1,1,2,2,0
1868,1,6,1,29,2,1,1,1,2439,1,1,1,1,3,2,0
1869,2,7,0,46,3,2,8,3,7314,1,1,1,1,5,3,0
1870,1,6,0,27,3,1,7,1,4774,1,1,1,1,4,4,1
1871,1,6,1,39,4,2,2,2,3902,1,1,1,1,5,5,1
1873,1,6,1,55,4,2,5,1,2662,1,1,1,1,3,2,1
1875,2,8,0,28,3,2,1,1,2856,1,1,0,1,5,3,1
1876,2,8,1,30,3,2,1,1,1081,1,1,1,1,8,8,1
1878,1,6,1,22,1,2,1,1,2472,1,1,1,1,2,2,1
1880,2,7,0,36,4,2,10,2,5673,1,1,1,1,3,2,1
1881,1,2,1,31,3,2,10,2,4197,1,1,1,1,2,2,1
1882,2,7,1,34,3,2,5,3,9713,1,1,1,1,6,4,1
1883,1,2,1,29,3,2,3,1,2062,1,1,1,1,3,3,1
1885,1,6,1,37,4,2,5,2,4284,1,1,1,1,3,3,1
1886,1,4,0,35,2,2,3,2,4788,1,1,1,1,4,4,0
1888,1,4,0,45,2,2,9,2,5906,1,1,1,1,5,4,0
1890,0,1,1,36,1,1,10,2,3886,1,1,1,1,3,2,1
1892,1,3,1,40,4,2,19,4,16823,1,1,1,1,4,4,0
1893,1,6,0,26,2,2,1,1,2933,1,1,1,1,4,4,0
1898,2,7,0,27,2,2,8,2,6500,1,1,1,1,4,4,1
1900,1,3,0,48,3,1,22,4,17174,1,1,1,1,4,4,1
1903,1,0,1,44,4,2,2,2,5033,1,1,1,1,2,2,1
1905,1,6,1,34,4,0,5,1,2307,1,1,1,1,4,4,0
1907,1,2,1,56,2,2,4,1,2587,1,1,1,1,8,7,0
1908,2,7,1,36,2,2,4,2,5507,1,1,1,1,2,2,1
1909,2,7,0,41,3,2,5,2,4393,1,1,1,1,5,5,0
1911,1,5,1,42,3,2,13,3,13348,1,1,1,1,1,1,1
1912,2,7,0,31,2,2,5,2,6583,1,1,1,1,2,2,0
1915,2,7,0,34,1,2,4,2,8103,1,1,1,1,5,4,0
1916,1,2,0,31,3,2,2,1,3978,1,1,1,1,4,4,1
1918,1,2,1,26,3,1,7,1,2544,1,1,1,1,7,5,0
1922,1,0,1,45,4,1,4,2,5399,1,1,1,1,2,2,1
1924,2,7,1,33,4,2,10,2,5487,1,1,1,1,3,3,1
1927,2,7,1,28,2,1,7,2,6834,1,1,1,1,3,3,1
1928,2,8,1,29,3,1,1,1,1091,1,1,1,1,5,4,0
1929,2,7,0,39,4,0,3,2,5736,1,1,1,1,4,4,1
1931,1,6,1,27,4,2,5,1,2226,1,1,1,1,3,3,0
1932,1,6,1,34,4,1,15,2,5747,1,1,1,1,6,5,0
1933,2,7,0,28,2,2,2,2,9854,1,1,1,1,2,1,0
1934,1,6,1,47,4,0,8,2,5467,1,1,1,1,5,4,1
1935,2,7,0,56,5,2,0,2,5380,1,1,1,1,2,2,0
1936,1,4,1,39,2,2,10,2,5151,1,1,1,1,4,3,1
1937,1,6,0,38,3,1,20,2,2133,1,1,1,1,4,4,1
1938,2,3,0,58,3,2,1,4,17875,1,1,1,1,3,2,0
1939,1,6,0,32,2,1,4,1,2432,1,1,1,1,5,4,0
1940,1,6,1,38,2,2,5,1,4771,1,1,1,1,7,5,0
1941,1,5,1,49,1,1,5,5,19161,1,1,1,1,2,2,0
1943,2,7,1,42,4,2,0,2,5087,1,1,1,1,2,2,1
1944,0,1,0,27,3,1,1,1,2863,1,1,1,1,4,3,1
1945,2,7,1,35,4,2,5,2,5561,1,1,1,1,4,4,1
1947,1,6,1,28,3,0,5,1,2144,1,1,1,1,3,3,0
1948,1,6,1,31,2,0,4,1,3065,1,1,1,1,2,2,0
1949,1,2,1,36,4,0,5,1,2810,1,1,1,1,6,5,1
1950,2,7,1,34,3,2,14,3,9888,1,1,1,1,3,3,0
1951,2,7,1,34,4,2,8,3,8628,1,1,1,1,9,7,0
1952,1,2,1,26,3,2,7,1,2867,1,1,1,1,4,4,0
1954,1,0,1,29,3,2,5,2,5373,1,1,1,1,4,4,1
1955,1,0,0,32,4,0,5,2,6667,1,1,1,1,2,2,1
1956,1,6,1,31,3,1,10,2,5003,1,1,1,1,2,2,1
1960,1,2,1,28,3,2,4,1,2367,1,1,1,1,6,6,0
1961,2,8,1,38,3,2,1,1,2858,1,1,1,1,6,4,1
1962,2,7,0,35,4,2,10,2,5204,1,1,1,1,2,2,0
1965,2,7,1,27,3,2,7,2,4105,1,1,1,1,3,3,0
1966,1,4,1,32,4,2,1,2,9679,1,1,1,1,5,4,1
1967,2,7,1,31,4,1,10,2,5617,1,1,1,1,3,3,0
1968,2,7,1,53,4,2,2,3,10448,1,1,1,1,4,4,1
1969,1,6,0,54,2,2,4,2,2897,1,1,1,1,3,3,0
1970,1,0,1,33,2,1,9,2,5968,1,1,1,1,3,3,1
1971,1,0,1,43,3,2,10,3,7510,1,1,1,1,3,3,0
1972,0,1,1,38,4,1,6,1,2991,1,1,1,1,4,4,0
1973,0,3,1,55,4,2,10,5,19636,1,1,1,1,3,3,1
1974,1,2,0,31,1,2,1,1,1129,1,1,1,1,2,1,1
1975,2,7,1,39,4,2,20,4,13341,1,1,1,1,6,6,0
1976,1,6,1,42,2,0,20,2,4332,1,1,1,1,8,7,1
1979,1,5,0,31,3,0,11,3,11031,1,1,1,1,2,2,1
1980,1,4,0,54,3,2,5,2,4440,1,1,1,1,3,3,0
1981,1,0,1,24,2,2,4,2,4617,1,1,1,1,4,4,1
1982,1,2,1,23,2,2,5,1,2647,1,1,1,1,2,1,1
1985,1,2,0,40,3,1,10,2,6323,1,1,1,1,2,2,0
1986,2,7,0,40,2,2,11,2,5677,1,1,1,1,3,3,0
1987,0,1,0,25,3,2,2,1,2187,1,1,1,1,5,4,1
1989,1,2,1,30,2,2,12,1,3748,1,1,1,1,2,2,0
1992,1,2,1,25,1,2,2,1,3977,1,1,1,1,6,6,0
1993,1,0,1,47,3,2,17,3,8633,1,1,1,1,4,3,0
1994,1,2,1,33,2,0,1,1,2008,1,1,0,1,1,1,1
1995,2,7,1,38,4,2,15,2,4440,1,1,1,1,1,1,1
1996,2,8,1,31,2,2,2,1,3067,1,1,1,1,8,5,0
1997,1,4,1,38,4,1,8,2,5321,1,1,1,1,6,6,1
1998,1,6,1,42,4,2,4,2,5410,1,1,1,1,5,4,1
1999,1,6,1,41,3,2,5,1,2782,1,1,1,1,2,2,0
2000,1,5,0,47,1,0,13,3,11957,1,1,1,1,5,5,1
2003,1,2,1,35,4,2,2,1,2660,1,1,1,1,6,5,1
2007,1,6,1,22,2,2,3,1,3375,1,1,1,1,4,4,0
2008,1,6,1,35,4,2,10,2,5098,1,1,1,1,6,5,0
2009,1,0,0,33,2,2,9,2,4878,1,1,1,1,2,2,1
2010,1,2,0,32,4,2,6,1,2837,1,1,1,1,6,5,1
2012,1,2,1,40,4,2,1,1,2406,1,1,1,1,5,4,0
2013,2,8,1,32,4,2,2,1,2269,1,1,1,1,3,3,1
2014,1,6,1,39,1,2,7,2,4108,1,1,1,1,5,4,0
2015,1,5,0,38,3,2,18,3,13206,1,1,1,1,3,3,0
2016,2,7,0,32,4,2,14,3,10422,1,1,1,1,5,5,1
2017,1,5,0,37,3,2,16,3,13744,1,1,1,1,5,5,0
2018,2,7,0,25,2,2,5,2,4907,1,1,1,1,2,2,0
2019,2,8,1,52,4,0,9,1,3482,1,1,1,1,1,1,0
2020,1,6,1,44,3,2,4,1,2436,1,1,1,1,4,3,0
2021,2,8,1,21,1,2,2,1,2380,1,1,1,1,3,3,0
2022,1,3,1,39,3,0,6,5,19431,1,1,1,1,3,3,1
2023,2,8,1,23,3,1,1,1,1790,1,1,1,1,4,4,1
2024,2,7,0,36,3,2,9,3,7644,1,1,1,1,6,6,0
2025,1,4,0,36,2,1,4,2,5131,1,1,1,1,7,6,1
2026,1,0,1,56,4,0,13,2,6306,1,1,1,1,2,2,0
2027,1,6,1,29,4,2,2,1,4787,1,1,1,1,4,4,0
2031,1,3,1,42,3,2,22,5,18880,1,1,1,1,2,2,0
2032,1,2,1,56,2,2,10,1,2339,1,1,1,1,4,4,0
2034,1,4,0,41,4,2,20,4,13570,1,1,1,1,3,3,0
2035,2,7,0,34,3,2,8,2,6712,1,1,1,1,2,2,0
2036,2,7,1,36,4,0,15,2,5406,1,1,1,1,1,1,1
2037,2,7,1,41,3,2,5,2,8938,1,1,1,1,3,3,0
2038,1,6,1,32,3,2,4,1,2439,1,1,1,1,2,2,0
2040,0,1,0,35,4,2,9,3,8837,1,1,1,1,3,3,0
2041,2,7,0,38,2,2,10,2,5343,1,1,1,1,5,4,0
2044,2,7,1,50,4,1,6,2,6728,1,1,1,1,4,3,0
2045,2,7,0,36,4,2,6,2,6652,1,1,1,1,6,6,0
2046,2,7,0,45,3,2,5,2,4850,1,1,1,1,5,3,0
2048,1,6,1,40,4,2,2,1,2809,1,1,1,1,6,6,1
2049,1,0,1,35,4,1,10,2,5689,1,1,1,1,6,5,1
2051,1,6,0,40,4,2,5,1,2001,1,1,1,1,3,3,0
2052,1,6,0,35,4,2,4,1,2977,1,1,1,1,7,6,0
2053,1,2,1,29,2,2,4,2,4025,1,1,1,1,4,2,1
2054,1,6,0,29,4,2,5,1,3785,1,1,1,1,2,2,1
2055,2,7,1,50,3,2,3,3,10854,1,1,1,1,7,5,0
2056,2,7,0,39,1,2,20,4,12031,1,1,1,1,3,3,1
2057,1,4,1,31,3,0,9,2,9936,1,1,1,1,7,6,1
2060,2,8,0,26,3,2,4,1,2966,1,1,1,1,2,2,0
2061,1,2,1,36,2,1,5,2,2571,1,1,1,1,2,1,1
2062,1,0,1,39,1,2,7,3,9991,1,1,1,1,1,1,1
2064,1,4,1,27,3,2,6,2,6142,1,1,1,1,3,2,1
2065,2,7,1,49,3,1,9,2,5390,1,1,1,1,7,7,0
2068,1,2,1,34,3,2,4,2,4404,1,1,1,1,2,2,1
