employee_id,risk_score,risk_level,Department,JobRole
1,6.3,Low,Sales,Sales Executive
2,85.0,Medium,Research & Development,Research Scientist
4,99.6,High,Research & Development,Laboratory Technician
5,76.7,Medium,Research & Development,Research Scientist
7,81.5,Medium,Research & Development,Laboratory Technician
8,15.1,Low,Research & Development,Laboratory Technician
10,96.7,High,Research & Development,Laboratory Technician
11,99.2,High,Research & Development,Laboratory Technician
12,18.3,Low,Research & Development,Manufacturing Director
13,16.6,Low,Research & Development,Healthcare Representative
14,19.4,Low,Research & Development,Laboratory Technician
15,65.6,Medium,Research & Development,Laboratory Technician
16,17.4,Low,Research & Development,Research Scientist
18,87.1,Medium,Research & Development,Laboratory Technician
19,97.4,High,Research & Development,Laboratory Technician
20,79.4,Medium,Research & Development,Manufacturing Director
21,89.5,Medium,Research & Development,Research Scientist
22,90.6,Medium,Research & Development,Laboratory Technician
23,17.9,Low,Sales,Manager
24,80.6,Medium,Research & Development,Research Scientist
26,92.5,High,Research & Development,Manufacturing Director
27,22.2,Low,Sales,Sales Representative
28,17.2,Low,Research & Development,Research Director
30,99.5,High,Research & Development,Research Scientist
31,71.0,Medium,Research & Development,Research Scientist
32,2.8,Low,Research & Development,Manager
33,79.0,Medium,Research & Development,Research Scientist
35,75.1,Medium,Sales,Sales Executive
36,91.7,High,Research & Development,Healthcare Representative
38,8.8,Low,Sales,Manager
39,98.4,High,Research & Development,Laboratory Technician
40,87.8,Medium,Research & Development,Healthcare Representative
41,12.9,Low,Research & Development,Laboratory Technician
42,97.7,High,Sales,Sales Representative
45,92.6,High,Research & Development,Research Scientist
46,6.4,Low,Research & Development,Research Scientist
47,6.6,Low,Sales,Sales Representative
49,56.5,Low,Sales,Sales Representative
51,99.7,High,Research & Development,Research Scientist
52,74.4,Medium,Sales,Sales Executive
53,99.4,High,Research & Development,Laboratory Technician
54,93.9,High,Research & Development,Laboratory Technician
55,68.8,Medium,Research & Development,Laboratory Technician
56,88.0,Medium,Sales,Sales Executive
57,75.8,Medium,Research & Development,Laboratory Technician
58,17.5,Low,Research & Development,Research Director
60,26.1,Low,Sales,Sales Executive
61,93.1,High,Research & Development,Research Scientist
62,65.0,Medium,Sales,Sales Executive
63,91.7,High,Research & Development,Laboratory Technician
64,98.7,High,Research & Development,Laboratory Technician
65,80.6,Medium,Research & Development,Laboratory Technician
68,90.6,Medium,Sales,Sales Executive
70,67.6,Medium,Research & Development,Healthcare Representative
72,63.9,Medium,Sales,Sales Executive
73,78.7,Medium,Research & Development,Research Director
74,56.1,Low,Sales,Sales Executive
75,66.6,Medium,Research & Development,Laboratory Technician
76,68.2,Medium,Research & Development,Laboratory Technician
77,12.3,Low,Research & Development,Manufacturing Director
78,21.0,Low,Research & Development,Manufacturing Director
79,96.2,High,Research & Development,Laboratory Technician
80,1.3,Low,Research & Development,Research Director
81,72.1,Medium,Sales,Sales Executive
83,33.7,Low,Research & Development,Healthcare Representative
84,57.5,Low,Research & Development,Manager
85,32.3,Low,Research & Development,Manufacturing Director
86,9.1,Low,Research & Development,Research Scientist
88,67.9,Medium,Research & Development,Research Scientist
90,98.5,High,Research & Development,Research Scientist
91,90.9,Medium,Sales,Sales Executive
94,75.5,Medium,Research & Development,Research Scientist
95,12.5,Low,Research & Development,Research Scientist
96,56.1,Low,Research & Development,Research Scientist
97,99.1,High,Research & Development,Laboratory Technician
98,25.2,Low,Research & Development,Manufacturing Director
100,7.4,Low,Sales,Sales Executive
101,15.3,Low,Research & Development,Research Director
102,80.5,Medium,Research & Development,Research Director
103,56.6,Low,Human Resources,Human Resources
104,69.4,Medium,Research & Development,Laboratory Technician
105,19.8,Low,Research & Development,Research Scientist
106,99.3,High,Sales,Sales Executive
107,15.9,Low,Research & Development,Research Scientist
110,62.4,Medium,Research & Development,Manufacturing Director
112,72.6,Medium,Research & Development,Manufacturing Director
113,98.3,High,Sales,Sales Representative
116,93.6,High,Research & Development,Laboratory Technician
117,83.7,Medium,Research & Development,Healthcare Representative
118,24.0,Low,Sales,Sales Executive
119,90.2,Medium,Research & Development,Healthcare Representative
120,92.4,High,Sales,Sales Executive
121,64.6,Medium,Sales,Sales Executive
124,92.9,High,Research & Development,Healthcare Representative
125,21.0,Low,Sales,Sales Executive
126,97.1,High,Research & Development,Research Director
128,91.7,High,Sales,Sales Executive
129,72.0,Medium,Sales,Sales Executive
131,93.7,High,Sales,Sales Executive
132,15.8,Low,Research & Development,Laboratory Technician
133,95.6,High,Human Resources,Human Resources
134,99.8,High,Research & Development,Research Scientist
137,99.0,High,Research & Development,Laboratory Technician
138,61.9,Medium,Research & Development,Research Scientist
139,97.0,High,Research & Development,Healthcare Representative
140,32.4,Low,Human Resources,Manager
141,10.8,Low,Research & Development,Research Director
142,79.7,Medium,Sales,Sales Executive
143,95.5,High,Research & Development,Research Scientist
144,99.7,High,Research & Development,Laboratory Technician
145,28.5,Low,Research & Development,Healthcare Representative
147,9.6,Low,Research & Development,Laboratory Technician
148,88.3,Medium,Human Resources,Manager
150,86.2,Medium,Research & Development,Laboratory Technician
151,99.7,High,Research & Development,Research Scientist
152,8.6,Low,Sales,Sales Executive
153,77.8,Medium,Research & Development,Manager
154,68.2,Medium,Sales,Sales Executive
155,99.8,High,Research & Development,Laboratory Technician
158,5.4,Low,Sales,Manager
159,88.4,Medium,Research & Development,Research Scientist
160,6.3,Low,Sales,Sales Executive
161,67.2,Medium,Research & Development,Research Scientist
162,89.7,Medium,Research & Development,Research Director
163,73.0,Medium,Sales,Sales Executive
164,19.6,Low,Research & Development,Research Scientist
165,74.3,Medium,Research & Development,Healthcare Representative
167,99.8,High,Sales,Sales Representative
169,15.1,Low,Research & Development,Laboratory Technician
170,65.5,Medium,Research & Development,Manufacturing Director
171,88.6,Medium,Research & Development,Research Scientist
174,75.6,Medium,Sales,Sales Executive
175,67.3,Medium,Sales,Sales Executive
176,78.3,Medium,Sales,Sales Executive
177,79.5,Medium,Human Resources,Human Resources
178,25.5,Low,Research & Development,Manufacturing Director
179,98.9,High,Research & Development,Manufacturing Director
182,13.9,Low,Sales,Sales Executive
183,18.3,Low,Sales,Sales Executive
184,33.3,Low,Human Resources,Human Resources
190,63.7,Medium,Research & Development,Laboratory Technician
192,68.1,Medium,Research & Development,Research Scientist
193,62.5,Medium,Research & Development,Research Scientist
194,7.8,Low,Research & Development,Research Scientist
195,77.8,Medium,Sales,Sales Executive
197,9.2,Low,Research & Development,Research Scientist
198,46.6,Low,Research & Development,Laboratory Technician
199,2.5,Low,Research & Development,Manager
200,88.8,Medium,Research & Development,Laboratory Technician
201,8.2,Low,Research & Development,Laboratory Technician
202,91.8,High,Research & Development,Research Scientist
204,96.0,High,Sales,Sales Executive
205,23.0,Low,Sales,Sales Representative
206,73.9,Medium,Research & Development,Laboratory Technician
207,10.9,Low,Sales,Sales Executive
208,92.0,High,Research & Development,Manufacturing Director
211,12.1,Low,Research & Development,Manufacturing Director
214,96.4,High,Research & Development,Research Scientist
215,56.1,Low,Sales,Sales Executive
216,92.3,High,Sales,Sales Representative
217,5.9,Low,Research & Development,Research Scientist
218,21.8,Low,Research & Development,Research Scientist
221,86.0,Medium,Research & Development,Research Scientist
223,4.9,Low,Research & Development,Healthcare Representative
224,21.9,Low,Research & Development,Research Scientist
226,93.9,High,Research & Development,Manager
227,91.6,High,Research & Development,Research Scientist
228,19.7,Low,Sales,Sales Executive
230,1.8,Low,Sales,Sales Executive
231,57.0,Low,Research & Development,Research Scientist
233,35.7,Low,Research & Development,Research Scientist
235,98.5,High,Sales,Sales Representative
238,83.4,Medium,Research & Development,Laboratory Technician
239,13.9,Low,Research & Development,Laboratory Technician
240,25.3,Low,Sales,Sales Executive
241,84.7,Medium,Research & Development,Research Scientist
242,14.0,Low,Research & Development,Research Scientist
243,94.2,High,Research & Development,Laboratory Technician
244,62.5,Medium,Sales,Sales Executive
245,21.7,Low,Research & Development,Laboratory Technician
246,76.1,Medium,Research & Development,Research Scientist
247,62.6,Medium,Research & Development,Research Scientist
248,4.4,Low,Sales,Sales Representative
249,21.6,Low,Research & Development,Laboratory Technician
250,1.8,Low,Research & Development,Manufacturing Director
252,9.1,Low,Research & Development,Research Scientist
253,0.7,Low,Research & Development,Manager
254,9.1,Low,Research & Development,Research Director
256,11.7,Low,Research & Development,Manufacturing Director
258,76.4,Medium,Research & Development,Healthcare Representative
259,88.5,Medium,Research & Development,Manager
260,4.0,Low,Research & Development,Research Scientist
261,99.4,High,Research & Development,Manufacturing Director
262,2.7,Low,Research & Development,Research Scientist
264,12.3,Low,Research & Development,Manager
267,19.9,Low,Research & Development,Research Scientist
269,63.3,Medium,Research & Development,Laboratory Technician
270,90.3,Medium,Research & Development,Manufacturing Director
271,21.6,Low,Research & Development,Manufacturing Director
273,74.0,Medium,Research & Development,Manufacturing Director
274,23.5,Low,Research & Development,Manufacturing Director
275,18.9,Low,Research & Development,Manufacturing Director
277,41.0,Low,Research & Development,Research Scientist
281,92.8,High,Research & Development,Laboratory Technician
282,51.4,Low,Research & Development,Healthcare Representative
283,80.0,Medium,Sales,Sales Executive
284,2.9,Low,Research & Development,Research Scientist
286,62.5,Medium,Research & Development,Laboratory Technician
287,95.7,High,Research & Development,Healthcare Representative
288,16.8,Low,Research & Development,Healthcare Representative
291,36.8,Low,Sales,Sales Executive
292,19.6,Low,Research & Development,Manufacturing Director
293,15.1,Low,Sales,Sales Executive
296,82.9,Medium,Research & Development,Research Director
297,13.0,Low,Research & Development,Research Scientist
298,96.2,High,Sales,Manager
299,90.6,Medium,Sales,Sales Executive
300,16.4,Low,Research & Development,Research Scientist
302,85.8,Medium,Sales,Sales Executive
303,4.4,Low,Sales,Sales Executive
304,74.2,Medium,Research & Development,Laboratory Technician
305,95.1,High,Research & Development,Research Scientist
306,64.7,Medium,Research & Development,Research Director
307,3.4,Low,Sales,Sales Executive
308,57.3,Low,Research & Development,Manufacturing Director
309,98.6,High,Research & Development,Research Scientist
311,88.6,Medium,Sales,Sales Representative
312,87.7,Medium,Sales,Sales Executive
314,28.7,Low,Sales,Sales Executive
315,55.9,Low,Research & Development,Research Scientist
316,6.8,Low,Research & Development,Laboratory Technician
319,3.0,Low,Research & Development,Manager
321,6.9,Low,Human Resources,Human Resources
323,84.2,Medium,Sales,Manager
325,15.4,Low,Research & Development,Laboratory Technician
327,95.2,High,Sales,Manager
328,41.1,Low,Research & Development,Laboratory Technician
329,6.3,Low,Sales,Manager
330,40.5,Low,Sales,Sales Representative
331,79.5,Medium,Research & Development,Laboratory Technician
332,78.8,Medium,Research & Development,Laboratory Technician
333,88.1,Medium,Sales,Sales Executive
334,97.6,High,Research & Development,Research Scientist
335,79.5,Medium,Research & Development,Research Scientist
336,2.4,Low,Research & Development,Manager
337,95.0,High,Research & Development,Research Director
338,78.7,Medium,Research & Development,Research Scientist
339,17.2,Low,Research & Development,Manufacturing Director
340,91.4,High,Research & Development,Research Scientist
341,78.7,Medium,Research & Development,Manufacturing Director
342,96.9,High,Research & Development,Manufacturing Director
343,92.1,High,Research & Development,Healthcare Representative
346,2.8,Low,Research & Development,Research Scientist
347,96.5,High,Research & Development,Research Scientist
349,21.4,Low,Sales,Sales Executive
350,37.9,Low,Research & Development,Manufacturing Director
351,83.6,Medium,Research & Development,Laboratory Technician
352,86.3,Medium,Research & Development,Research Director
353,97.9,High,Research & Development,Research Scientist
355,90.8,Medium,Research & Development,Laboratory Technician
359,19.1,Low,Research & Development,Laboratory Technician
361,9.3,Low,Sales,Sales Executive
362,15.2,Low,Research & Development,Laboratory Technician
363,12.7,Low,Sales,Manager
364,82.1,Medium,Research & Development,Laboratory Technician
366,93.0,High,Sales,Sales Executive
367,78.6,Medium,Research & Development,Healthcare Representative
369,93.0,High,Research & Development,Healthcare Representative
372,13.6,Low,Research & Development,Healthcare Representative
373,4.8,Low,Research & Development,Laboratory Technician
374,83.6,Medium,Research & Development,Manager
376,88.6,Medium,Research & Development,Manager
377,22.6,Low,Research & Development,Research Scientist
378,11.5,Low,Sales,Sales Executive
379,5.3,Low,Research & Development,Research Scientist
380,87.6,Medium,Research & Development,Research Director
381,13.5,Low,Research & Development,Manager
382,8.0,Low,Sales,Sales Executive
384,92.3,High,Research & Development,Manufacturing Director
385,11.1,Low,Research & Development,Research Director
386,23.9,Low,Research & Development,Research Director
387,87.9,Medium,Sales,Sales Executive
388,75.5,Medium,Sales,Sales Executive
389,9.4,Low,Research & Development,Laboratory Technician
390,34.6,Low,Research & Development,Healthcare Representative
391,17.0,Low,Research & Development,Research Scientist
392,95.5,High,Research & Development,Laboratory Technician
393,16.5,Low,Research & Development,Healthcare Representative
394,27.9,Low,Research & Development,Laboratory Technician
395,21.7,Low,Research & Development,Research Scientist
396,3.4,Low,Research & Development,Research Director
397,29.8,Low,Research & Development,Research Scientist
399,6.2,Low,Sales,Sales Representative
401,83.7,Medium,Sales,Sales Executive
403,12.8,Low,Research & Development,Research Scientist
404,10.8,Low,Sales,Sales Executive
405,98.4,High,Research & Development,Laboratory Technician
406,89.9,Medium,Sales,Sales Executive
407,99.8,High,Research & Development,Laboratory Technician
408,91.2,High,Research & Development,Manufacturing Director
410,96.8,High,Sales,Manager
411,93.6,High,Sales,Sales Representative
412,82.0,Medium,Research & Development,Healthcare Representative
416,79.5,Medium,Sales,Sales Executive
417,7.3,Low,Research & Development,Healthcare Representative
419,75.5,Medium,Research & Development,Laboratory Technician
420,43.1,Low,Sales,Sales Executive
421,7.9,Low,Research & Development,Research Director
422,57.7,Low,Research & Development,Healthcare Representative
423,9.8,Low,Research & Development,Research Scientist
424,72.6,Medium,Human Resources,Human Resources
425,12.4,Low,Research & Development,Laboratory Technician
426,90.1,Medium,Research & Development,Research Scientist
428,80.3,Medium,Research & Development,Manager
429,9.8,Low,Research & Development,Manager
430,86.0,Medium,Research & Development,Laboratory Technician
431,7.8,Low,Research & Development,Healthcare Representative
433,7.4,Low,Research & Development,Research Scientist
434,75.7,Medium,Research & Development,Research Scientist
436,69.0,Medium,Sales,Sales Executive
437,77.9,Medium,Sales,Sales Executive
438,31.1,Low,Sales,Sales Executive
439,61.6,Medium,Research & Development,Research Scientist
440,85.0,Medium,Research & Development,Research Scientist
441,25.9,Low,Research & Development,Research Scientist
442,13.6,Low,Research & Development,Manufacturing Director
444,2.5,Low,Research & Development,Manager
445,74.2,Medium,Sales,Sales Executive
446,5.7,Low,Sales,Sales Executive
447,8.2,Low,Research & Development,Research Director
448,57.8,Low,Research & Development,Laboratory Technician
449,97.3,High,Sales,Sales Executive
450,95.2,High,Research & Development,Research Scientist
451,8.4,Low,Research & Development,Healthcare Representative
452,94.0,High,Research & Development,Research Scientist
453,63.7,Medium,Sales,Sales Executive
454,90.4,Medium,Research & Development,Laboratory Technician
455,15.7,Low,Research & Development,Laboratory Technician
456,20.0,Low,Sales,Sales Executive
458,88.9,Medium,Sales,Sales Executive
460,13.0,Low,Research & Development,Manufacturing Director
461,15.3,Low,Research & Development,Research Director
462,14.4,Low,Research & Development,Manufacturing Director
463,67.9,Medium,Sales,Sales Executive
464,36.2,Low,Research & Development,Manufacturing Director
465,97.4,High,Research & Development,Research Scientist
466,36.4,Low,Research & Development,Manufacturing Director
467,99.5,High,Sales,Sales Representative
468,89.5,Medium,Research & Development,Research Director
469,90.6,Medium,Sales,Sales Executive
470,16.2,Low,Human Resources,Human Resources
471,59.3,Low,Research & Development,Laboratory Technician
473,89.4,Medium,Sales,Manager
474,5.6,Low,Research & Development,Research Scientist
475,24.7,Low,Sales,Sales Executive
476,35.0,Low,Sales,Sales Executive
477,98.6,High,Research & Development,Healthcare Representative
478,6.8,Low,Sales,Sales Representative
479,99.9,High,Sales,Sales Executive
481,5.7,Low,Sales,Sales Executive
482,89.3,Medium,Research & Development,Healthcare Representative
483,92.9,High,Research & Development,Laboratory Technician
484,93.8,High,Sales,Sales Representative
485,99.6,High,Sales,Sales Representative
486,83.6,Medium,Research & Development,Laboratory Technician
487,78.4,Medium,Research & Development,Manufacturing Director
488,3.5,Low,Sales,Sales Executive
491,69.3,Medium,Research & Development,Healthcare Representative
492,62.1,Medium,Sales,Sales Executive
493,81.4,Medium,Research & Development,Research Scientist
494,93.3,High,Sales,Sales Representative
495,81.1,Medium,Research & Development,Research Scientist
496,98.9,High,Research & Development,Healthcare Representative
497,79.2,Medium,Research & Development,Laboratory Technician
498,23.6,Low,Sales,Sales Executive
499,11.6,Low,Research & Development,Healthcare Representative
500,93.5,High,Sales,Sales Executive
501,12.6,Low,Research & Development,Research Scientist
502,17.3,Low,Sales,Sales Executive
505,11.7,Low,Research & Development,Manager
507,93.1,High,Sales,Sales Executive
508,58.4,Low,Sales,Sales Representative
510,72.2,Medium,Research & Development,Research Scientist
511,77.0,Medium,Research & Development,Research Scientist
513,74.1,Medium,Sales,Sales Executive
514,91.6,High,Research & Development,Research Scientist
515,80.4,Medium,Research & Development,Laboratory Technician
516,73.9,Medium,Sales,Sales Executive
517,79.0,Medium,Research & Development,Laboratory Technician
518,90.7,Medium,Research & Development,Manufacturing Director
520,12.6,Low,Research & Development,Research Director
521,99.4,High,Research & Development,Laboratory Technician
522,6.1,Low,Research & Development,Research Director
523,95.6,High,Sales,Sales Executive
524,19.1,Low,Research & Development,Manufacturing Director
525,7.2,Low,Research & Development,Laboratory Technician
526,28.2,Low,Research & Development,Healthcare Representative
527,24.5,Low,Sales,Sales Executive
529,13.7,Low,Research & Development,Research Scientist
530,19.3,Low,Research & Development,Laboratory Technician
531,0.5,Low,Research & Development,Manager
532,89.3,Medium,Sales,Sales Executive
533,80.6,Medium,Sales,Sales Executive
534,14.6,Low,Sales,Sales Executive
536,83.8,Medium,Research & Development,Laboratory Technician
538,25.4,Low,Research & Development,Laboratory Technician
543,17.4,Low,Research & Development,Manufacturing Director
544,94.0,High,Research & Development,Research Scientist
546,83.3,Medium,Research & Development,Manager
547,70.6,Medium,Research & Development,Research Scientist
548,38.5,Low,Research & Development,Manufacturing Director
549,10.6,Low,Research & Development,Manager
550,35.8,Low,Research & Development,Manufacturing Director
551,16.8,Low,Research & Development,Healthcare Representative
554,5.3,Low,Sales,Sales Representative
555,8.5,Low,Sales,Sales Representative
556,97.9,High,Research & Development,Laboratory Technician
558,3.1,Low,Sales,Manager
560,85.2,Medium,Research & Development,Research Scientist
562,12.1,Low,Research & Development,Laboratory Technician
564,92.7,High,Research & Development,Research Director
565,6.4,Low,Research & Development,Research Scientist
566,98.4,High,Human Resources,Human Resources
567,54.9,Low,Sales,Sales Executive
568,3.9,Low,Sales,Manager
569,92.9,High,Research & Development,Manager
571,78.6,Medium,Research & Development,Laboratory Technician
573,73.1,Medium,Sales,Sales Executive
574,57.2,Low,Research & Development,Manufacturing Director
575,82.1,Medium,Research & Development,Research Director
577,26.6,Low,Research & Development,Laboratory Technician
578,18.0,Low,Research & Development,Laboratory Technician
579,9.0,Low,Research & Development,Research Scientist
580,11.5,Low,Sales,Sales Executive
581,16.7,Low,Research & Development,Manufacturing Director
582,84.2,Medium,Research & Development,Manager
584,92.4,High,Research & Development,Laboratory Technician
585,4.5,Low,Sales,Sales Representative
586,24.4,Low,Research & Development,Healthcare Representative
587,98.6,High,Research & Development,Healthcare Representative
590,16.8,Low,Human Resources,Human Resources
591,86.1,Medium,Research & Development,Laboratory Technician
592,32.3,Low,Sales,Sales Executive
593,15.0,Low,Research & Development,Laboratory Technician
595,34.4,Low,Sales,Sales Executive
597,86.9,Medium,Sales,Manager
599,25.7,Low,Sales,Sales Executive
600,13.8,Low,Sales,Sales Executive
601,75.7,Medium,Research & Development,Manufacturing Director
602,9.3,Low,Research & Development,Laboratory Technician
604,20.6,Low,Sales,Sales Executive
605,93.7,High,Research & Development,Manufacturing Director
606,24.5,Low,Sales,Sales Executive
608,47.4,Low,Human Resources,Human Resources
611,22.5,Low,Research & Development,Manufacturing Director
612,97.0,High,Research & Development,Research Director
613,20.1,Low,Sales,Manager
614,50.3,Low,Sales,Sales Representative
615,10.8,Low,Sales,Sales Executive
616,19.4,Low,Research & Development,Healthcare Representative
618,18.2,Low,Sales,Sales Executive
620,7.8,Low,Sales,Sales Executive
621,15.1,Low,Sales,Sales Executive
622,87.9,Medium,Research & Development,Laboratory Technician
623,8.3,Low,Research & Development,Manufacturing Director
624,81.8,Medium,Research & Development,Healthcare Representative
625,94.1,High,Sales,Manager
626,10.0,Low,Sales,Sales Executive
630,22.6,Low,Research & Development,Research Scientist
631,6.4,Low,Sales,Sales Executive
632,8.7,Low,Sales,Sales Representative
634,25.2,Low,Research & Development,Healthcare Representative
635,39.2,Low,Research & Development,Manufacturing Director
638,13.9,Low,Research & Development,Research Director
639,81.4,Medium,Research & Development,Research Scientist
641,95.8,High,Sales,Sales Executive
643,98.8,High,Research & Development,Laboratory Technician
644,51.1,Low,Human Resources,Manager
645,3.9,Low,Sales,Sales Representative
647,84.2,Medium,Research & Development,Laboratory Technician
648,99.0,High,Sales,Sales Representative
649,19.4,Low,Research & Development,Research Scientist
650,62.7,Medium,Sales,Sales Executive
652,63.0,Medium,Research & Development,Laboratory Technician
653,72.2,Medium,Sales,Sales Executive
655,75.7,Medium,Research & Development,Research Scientist
656,3.3,Low,Sales,Sales Executive
657,99.8,High,Research & Development,Research Scientist
659,13.9,Low,Research & Development,Healthcare Representative
661,97.9,High,Research & Development,Research Director
662,96.0,High,Research & Development,Research Scientist
663,18.2,Low,Research & Development,Laboratory Technician
664,8.1,Low,Research & Development,Manager
665,22.8,Low,Human Resources,Human Resources
666,16.9,Low,Sales,Sales Representative
667,1.0,Low,Sales,Sales Representative
669,26.7,Low,Sales,Sales Representative
671,95.2,High,Research & Development,Manager
675,30.1,Low,Research & Development,Research Scientist
677,84.3,Medium,Sales,Sales Executive
679,85.6,Medium,Research & Development,Research Scientist
680,99.4,High,Research & Development,Research Scientist
682,97.9,High,Sales,Sales Executive
683,99.1,High,Research & Development,Research Scientist
684,99.5,High,Sales,Sales Executive
686,5.2,Low,Research & Development,Laboratory Technician
689,7.0,Low,Research & Development,Manufacturing Director
690,27.2,Low,Sales,Sales Executive
691,5.7,Low,Research & Development,Research Scientist
692,10.8,Low,Research & Development,Healthcare Representative
698,28.3,Low,Human Resources,Human Resources
699,10.5,Low,Research & Development,Manufacturing Director
700,97.5,High,Research & Development,Research Scientist
701,99.7,High,Research & Development,Research Scientist
702,73.6,Medium,Research & Development,Research Scientist
704,98.1,High,Research & Development,Laboratory Technician
705,99.3,High,Research & Development,Research Scientist
707,75.4,Medium,Sales,Sales Executive
709,9.9,Low,Sales,Sales Executive
710,51.3,Low,Research & Development,Research Scientist
712,91.6,High,Sales,Sales Executive
714,34.2,Low,Sales,Sales Executive
715,97.6,High,Research & Development,Research Scientist
716,83.4,Medium,Research & Development,Laboratory Technician
717,13.4,Low,Research & Development,Healthcare Representative
720,82.7,Medium,Sales,Sales Executive
721,94.9,High,Research & Development,Healthcare Representative
722,67.5,Medium,Sales,Sales Executive
723,5.9,Low,Sales,Sales Executive
724,12.0,Low,Research & Development,Healthcare Representative
725,10.2,Low,Research & Development,Manufacturing Director
727,16.1,Low,Research & Development,Research Director
728,86.5,Medium,Sales,Sales Executive
729,12.4,Low,Sales,Sales Executive
730,3.2,Low,Research & Development,Research Director
731,1.6,Low,Human Resources,Manager
732,87.3,Medium,Sales,Sales Executive
733,83.4,Medium,Research & Development,Manufacturing Director
734,2.9,Low,Human Resources,Manager
738,93.4,High,Sales,Sales Representative
741,5.9,Low,Research & Development,Research Scientist
742,17.4,Low,Research & Development,Research Director
743,99.7,High,Research & Development,Manufacturing Director
744,4.9,Low,Research & Development,Laboratory Technician
746,4.6,Low,Sales,Sales Executive
747,16.1,Low,Sales,Sales Executive
749,8.5,Low,Sales,Sales Representative
752,15.4,Low,Research & Development,Research Scientist
754,11.8,Low,Sales,Sales Executive
757,17.8,Low,Research & Development,Healthcare Representative
758,84.8,Medium,Research & Development,Laboratory Technician
760,74.9,Medium,Human Resources,Human Resources
762,86.5,Medium,Research & Development,Healthcare Representative
763,10.6,Low,Research & Development,Research Scientist
764,31.8,Low,Research & Development,Healthcare Representative
766,62.4,Medium,Sales,Sales Representative
769,9.0,Low,Research & Development,Laboratory Technician
771,98.0,High,Research & Development,Healthcare Representative
772,21.4,Low,Research & Development,Laboratory Technician
773,17.3,Low,Research & Development,Research Scientist
775,98.7,High,Research & Development,Manufacturing Director
776,99.0,High,Sales,Manager
780,93.4,High,Research & Development,Research Scientist
781,85.2,Medium,Sales,Sales Executive
783,14.4,Low,Sales,Sales Representative
784,95.4,High,Research & Development,Research Scientist
785,70.2,Medium,Sales,Sales Executive
786,79.6,Medium,Sales,Sales Executive
787,97.1,High,Research & Development,Manager
789,73.1,Medium,Sales,Sales Executive
791,4.7,Low,Research & Development,Research Scientist
792,19.9,Low,Research & Development,Laboratory Technician
793,89.9,Medium,Research & Development,Healthcare Representative
796,57.8,Low,Sales,Sales Executive
797,90.5,Medium,Research & Development,Research Scientist
799,55.0,Low,Research & Development,Manufacturing Director
800,89.7,Medium,Sales,Sales Executive
802,9.4,Low,Research & Development,Research Scientist
803,9.4,Low,Research & Development,Manufacturing Director
804,57.8,Low,Research & Development,Research Scientist
805,16.9,Low,Sales,Sales Representative
806,9.3,Low,Research & Development,Laboratory Technician
807,16.6,Low,Research & Development,Healthcare Representative
808,83.2,Medium,Sales,Sales Executive
809,1.0,Low,Research & Development,Manager
811,99.7,High,Research & Development,Laboratory Technician
812,96.7,High,Research & Development,Laboratory Technician
813,1.2,Low,Research & Development,Laboratory Technician
815,86.4,Medium,Research & Development,Research Director
816,20.3,Low,Research & Development,Laboratory Technician
817,34.2,Low,Research & Development,Research Director
819,28.7,Low,Sales,Sales Executive
820,73.3,Medium,Research & Development,Manager
823,20.2,Low,Research & Development,Manufacturing Director
824,82.4,Medium,Research & Development,Research Scientist
825,1.9,Low,Research & Development,Research Director
826,11.0,Low,Research & Development,Research Scientist
827,93.3,High,Research & Development,Manufacturing Director
828,33.3,Low,Research & Development,Research Scientist
829,94.7,High,Human Resources,Human Resources
830,59.4,Medium,Research & Development,Manufacturing Director
832,87.0,Medium,Research & Development,Laboratory Technician
833,98.0,High,Research & Development,Manufacturing Director
834,92.3,High,Research & Development,Research Scientist
836,20.4,Low,Research & Development,Manufacturing Director
837,71.0,Medium,Research & Development,Healthcare Representative
838,18.6,Low,Research & Development,Research Scientist
840,83.2,Medium,Sales,Sales Executive
842,82.3,Medium,Sales,Sales Executive
843,8.2,Low,Research & Development,Research Director
844,92.0,High,Research & Development,Research Director
845,80.4,Medium,Research & Development,Manufacturing Director
846,5.1,Low,Sales,Sales Executive
847,51.8,Low,Human Resources,Human Resources
848,6.3,Low,Research & Development,Research Scientist
850,99.5,High,Research & Development,Research Scientist
851,99.3,High,Sales,Manager
852,84.9,Medium,Research & Development,Healthcare Representative
854,90.0,Medium,Research & Development,Research Scientist
855,87.9,Medium,Sales,Sales Executive
856,23.8,Low,Research & Development,Research Scientist
857,89.4,Medium,Sales,Sales Executive
859,75.5,Medium,Sales,Sales Executive
861,65.5,Medium,Research & Development,Research Scientist
862,6.0,Low,Sales,Sales Executive
864,10.5,Low,Sales,Sales Executive
865,19.8,Low,Research & Development,Research Scientist
867,5.0,Low,Research & Development,Manufacturing Director
868,63.0,Medium,Sales,Sales Executive
869,21.8,Low,Human Resources,Human Resources
872,2.0,Low,Research & Development,Manufacturing Director
874,94.2,High,Research & Development,Laboratory Technician
875,14.7,Low,Research & Development,Research Scientist
878,7.6,Low,Human Resources,Human Resources
879,22.3,Low,Sales,Sales Executive
880,15.9,Low,Research & Development,Manufacturing Director
881,15.4,Low,Research & Development,Research Scientist
882,45.0,Low,Research & Development,Laboratory Technician
885,83.6,Medium,Sales,Sales Executive
887,59.3,Low,Research & Development,Research Scientist
888,35.6,Low,Research & Development,Laboratory Technician
889,91.0,High,Sales,Sales Executive
893,77.3,Medium,Sales,Sales Representative
894,17.6,Low,Research & Development,Laboratory Technician
895,13.6,Low,Research & Development,Research Scientist
896,76.4,Medium,Sales,Sales Representative
897,13.6,Low,Sales,Sales Executive
899,74.7,Medium,Research & Development,Manufacturing Director
900,0.9,Low,Sales,Sales Representative
901,8.1,Low,Research & Development,Research Director
902,80.7,Medium,Research & Development,Healthcare Representative
903,17.3,Low,Sales,Sales Executive
904,82.7,Medium,Sales,Sales Executive
905,7.2,Low,Research & Development,Manager
909,20.6,Low,Human Resources,Human Resources
910,1.3,Low,Human Resources,Human Resources
911,98.5,High,Research & Development,Laboratory Technician
912,12.8,Low,Research & Development,Laboratory Technician
913,90.6,Medium,Research & Development,Research Scientist
916,49.2,Low,Sales,Sales Executive
918,11.0,Low,Research & Development,Laboratory Technician
920,91.3,High,Research & Development,Manufacturing Director
922,19.7,Low,Sales,Sales Representative
923,87.1,Medium,Research & Development,Research Scientist
924,43.2,Low,Research & Development,Healthcare Representative
925,84.4,Medium,Sales,Sales Representative
926,14.4,Low,Research & Development,Manufacturing Director
927,94.5,High,Research & Development,Laboratory Technician
930,19.5,Low,Research & Development,Research Scientist
932,89.2,Medium,Research & Development,Laboratory Technician
933,99.2,High,Research & Development,Research Scientist
934,22.7,Low,Research & Development,Laboratory Technician
936,31.4,Low,Sales,Sales Executive
939,11.5,Low,Research & Development,Research Scientist
940,15.3,Low,Research & Development,Healthcare Representative
941,2.7,Low,Sales,Sales Representative
942,95.6,High,Research & Development,Healthcare Representative
944,17.7,Low,Research & Development,Laboratory Technician
945,92.5,High,Research & Development,Research Scientist
947,91.6,High,Sales,Sales Executive
949,79.4,Medium,Research & Development,Research Scientist
950,26.3,Low,Research & Development,Research Director
951,21.8,Low,Research & Development,Laboratory Technician
952,71.8,Medium,Sales,Sales Representative
954,7.0,Low,Sales,Sales Executive
956,42.8,Low,Sales,Sales Executive
957,5.2,Low,Research & Development,Laboratory Technician
958,72.5,Medium,Research & Development,Laboratory Technician
959,99.7,High,Sales,Sales Representative
960,53.8,Low,Research & Development,Laboratory Technician
961,77.5,Medium,Research & Development,Healthcare Representative
964,98.9,High,Research & Development,Research Scientist
966,63.1,Medium,Research & Development,Manufacturing Director
967,13.3,Low,Sales,Sales Executive
969,9.1,Low,Research & Development,Healthcare Representative
970,8.0,Low,Sales,Sales Executive
972,37.5,Low,Research & Development,Laboratory Technician
974,11.0,Low,Sales,Sales Representative
975,20.3,Low,Sales,Sales Executive
976,91.6,High,Research & Development,Manager
977,97.0,High,Research & Development,Research Scientist
981,3.6,Low,Sales,Manager
982,79.6,Medium,Sales,Sales Executive
983,31.7,Low,Sales,Sales Executive
984,87.7,Medium,Sales,Sales Executive
985,92.0,High,Sales,Sales Executive
986,98.0,High,Sales,Sales Executive
987,18.2,Low,Research & Development,Manufacturing Director
990,14.1,Low,Sales,Sales Executive
991,78.1,Medium,Research & Development,Research Scientist
992,12.8,Low,Sales,Manager
994,90.7,Medium,Research & Development,Research Scientist
995,93.3,High,Research & Development,Research Scientist
996,17.2,Low,Research & Development,Laboratory Technician
997,92.2,High,Research & Development,Research Director
998,64.7,Medium,Research & Development,Healthcare Representative
999,0.5,Low,Research & Development,Research Director
1001,90.2,Medium,Research & Development,Laboratory Technician
1002,45.5,Low,Research & Development,Laboratory Technician
1003,85.0,Medium,Sales,Sales Executive
1004,11.8,Low,Research & Development,Research Scientist
1005,38.7,Low,Research & Development,Manufacturing Director
1006,19.7,Low,Research & Development,Research Scientist
1007,83.9,Medium,Research & Development,Manufacturing Director
1009,92.3,High,Research & Development,Manufacturing Director
1010,79.1,Medium,Research & Development,Laboratory Technician
1011,12.9,Low,Research & Development,Manufacturing Director
1012,86.2,Medium,Research & Development,Research Scientist
1013,15.7,Low,Research & Development,Manufacturing Director
1014,20.1,Low,Research & Development,Healthcare Representative
1015,10.4,Low,Research & Development,Research Director
1016,99.6,High,Research & Development,Research Scientist
1017,13.6,Low,Research & Development,Laboratory Technician
1018,30.3,Low,Research & Development,Manufacturing Director
1019,2.6,Low,Research & Development,Laboratory Technician
1022,90.9,Medium,Research & Development,Healthcare Representative
1024,93.3,High,Research & Development,Healthcare Representative
1025,90.0,Medium,Research & Development,Manufacturing Director
1026,25.2,Low,Research & Development,Manufacturing Director
1027,24.5,Low,Research & Development,Manufacturing Director
1028,89.9,Medium,Research & Development,Laboratory Technician
1029,3.6,Low,Sales,Manager
1030,90.8,Medium,Research & Development,Laboratory Technician
1032,73.5,Medium,Research & Development,Manufacturing Director
1033,73.7,Medium,Research & Development,Healthcare Representative
1034,81.5,Medium,Research & Development,Healthcare Representative
1035,5.4,Low,Research & Development,Research Director
1036,3.6,Low,Sales,Sales Executive
1037,93.5,High,Sales,Sales Executive
1038,89.4,Medium,Sales,Manager
1039,84.1,Medium,Sales,Sales Executive
1040,9.0,Low,Sales,Sales Executive
1042,23.6,Low,Research & Development,Laboratory Technician
1043,92.1,High,Research & Development,Manufacturing Director
1044,83.9,Medium,Sales,Sales Representative
1045,14.8,Low,Sales,Manager
1046,10.5,Low,Research & Development,Laboratory Technician
1047,71.3,Medium,Sales,Sales Executive
1048,9.4,Low,Sales,Manager
1049,5.8,Low,Human Resources,Human Resources
1050,10.9,Low,Sales,Sales Executive
1052,16.9,Low,Research & Development,Laboratory Technician
1053,96.5,High,Research & Development,Research Scientist
1055,99.0,High,Sales,Sales Representative
1056,99.5,High,Sales,Sales Representative
1060,94.1,High,Research & Development,Research Scientist
1061,58.6,Low,Research & Development,Research Director
1062,64.5,Medium,Research & Development,Healthcare Representative
1066,9.8,Low,Sales,Sales Executive
1068,70.5,Medium,Research & Development,Research Scientist
1069,94.9,High,Research & Development,Research Director
1070,77.3,Medium,Sales,Sales Executive
1071,17.3,Low,Research & Development,Research Scientist
1073,11.9,Low,Research & Development,Manufacturing Director
1074,44.8,Low,Research & Development,Manager
1076,3.7,Low,Sales,Sales Executive
1077,91.8,High,Sales,Sales Representative
1079,97.4,High,Research & Development,Laboratory Technician
1080,22.6,Low,Research & Development,Research Scientist
1081,98.1,High,Research & Development,Research Scientist
1082,22.5,Low,Research & Development,Healthcare Representative
1083,70.0,Medium,Research & Development,Laboratory Technician
1084,78.9,Medium,Research & Development,Manufacturing Director
1085,18.2,Low,Research & Development,Research Scientist
1088,74.8,Medium,Research & Development,Healthcare Representative
1092,69.9,Medium,Research & Development,Healthcare Representative
1094,80.8,Medium,Research & Development,Laboratory Technician
1096,9.6,Low,Research & Development,Manufacturing Director
1097,25.8,Low,Research & Development,Research Scientist
1098,91.2,High,Human Resources,Human Resources
1099,81.6,Medium,Research & Development,Healthcare Representative
1100,10.8,Low,Sales,Sales Executive
1101,16.7,Low,Research & Development,Research Scientist
1102,89.2,Medium,Research & Development,Laboratory Technician
1103,29.4,Low,Research & Development,Healthcare Representative
1105,94.6,High,Sales,Sales Executive
1106,5.4,Low,Research & Development,Laboratory Technician
1107,81.7,Medium,Research & Development,Laboratory Technician
1108,35.0,Low,Research & Development,Research Scientist
1109,7.3,Low,Research & Development,Manager
1111,99.5,High,Research & Development,Laboratory Technician
1113,99.1,High,Sales,Sales Executive
1114,71.8,Medium,Sales,Sales Executive
1115,93.1,High,Research & Development,Research Scientist
1116,6.9,Low,Research & Development,Manager
1117,78.5,Medium,Sales,Sales Executive
1118,75.3,Medium,Research & Development,Healthcare Representative
1119,3.6,Low,Sales,Sales Executive
1120,54.1,Low,Research & Development,Research Scientist
1121,20.3,Low,Research & Development,Manufacturing Director
1124,98.1,High,Sales,Manager
1125,92.3,High,Sales,Sales Executive
1126,94.3,High,Research & Development,Manufacturing Director
1127,78.8,Medium,Research & Development,Healthcare Representative
1128,91.7,High,Research & Development,Research Director
1131,84.8,Medium,Research & Development,Research Scientist
1132,6.1,Low,Research & Development,Laboratory Technician
1133,17.4,Low,Research & Development,Manufacturing Director
1135,19.3,Low,Sales,Sales Representative
1136,4.4,Low,Research & Development,Research Scientist
1137,15.6,Low,Sales,Sales Executive
1138,89.3,Medium,Sales,Sales Executive
1140,28.6,Low,Research & Development,Manufacturing Director
1143,76.5,Medium,Research & Development,Research Scientist
1148,15.0,Low,Research & Development,Laboratory Technician
1150,69.2,Medium,Research & Development,Manufacturing Director
1152,80.9,Medium,Human Resources,Human Resources
1154,91.2,High,Research & Development,Research Scientist
1156,99.9,High,Research & Development,Laboratory Technician
1157,8.4,Low,Sales,Sales Executive
1158,97.5,High,Research & Development,Laboratory Technician
1160,85.2,Medium,Research & Development,Laboratory Technician
1161,19.1,Low,Research & Development,Healthcare Representative
1162,54.5,Low,Research & Development,Research Scientist
1163,55.8,Low,Sales,Sales Executive
1164,36.8,Low,Human Resources,Human Resources
1165,41.4,Low,Sales,Sales Executive
1166,9.6,Low,Research & Development,Research Director
1167,16.1,Low,Sales,Sales Executive
1171,69.0,Medium,Sales,Sales Executive
1172,12.2,Low,Research & Development,Laboratory Technician
1173,10.2,Low,Research & Development,Laboratory Technician
1175,76.5,Medium,Research & Development,Laboratory Technician
1177,19.1,Low,Research & Development,Laboratory Technician
1179,91.8,High,Sales,Sales Executive
1180,19.7,Low,Research & Development,Research Scientist
1182,43.6,Low,Research & Development,Manufacturing Director
1184,80.8,Medium,Research & Development,Healthcare Representative
1185,84.4,Medium,Research & Development,Laboratory Technician
1188,69.6,Medium,Sales,Sales Executive
1190,99.6,High,Sales,Sales Representative
1191,88.4,Medium,Research & Development,Manager
1192,60.7,Medium,Research & Development,Laboratory Technician
1193,13.7,Low,Research & Development,Research Scientist
1195,47.3,Low,Research & Development,Research Scientist
1196,75.8,Medium,Research & Development,Manufacturing Director
1198,0.8,Low,Research & Development,Laboratory Technician
1200,16.3,Low,Research & Development,Research Scientist
1201,4.8,Low,Research & Development,Manager
1202,16.0,Low,Research & Development,Research Scientist
1203,99.8,High,Research & Development,Research Scientist
1204,96.7,High,Sales,Manager
1206,25.9,Low,Research & Development,Research Scientist
1207,8.9,Low,Human Resources,Human Resources
1210,95.6,High,Research & Development,Research Scientist
1211,17.9,Low,Sales,Sales Executive
1212,97.9,High,Sales,Sales Executive
1215,86.6,Medium,Research & Development,Manager
1216,3.5,Low,Research & Development,Laboratory Technician
1217,16.1,Low,Research & Development,Research Director
1218,5.0,Low,Sales,Sales Executive
1219,89.8,Medium,Research & Development,Laboratory Technician
1220,37.1,Low,Sales,Sales Executive
1221,93.4,High,Research & Development,Laboratory Technician
1224,35.9,Low,Research & Development,Laboratory Technician
1225,99.5,High,Research & Development,Research Scientist
1226,89.4,Medium,Sales,Sales Representative
1228,79.2,Medium,Research & Development,Manufacturing Director
1231,48.9,Low,Human Resources,Human Resources
1233,83.5,Medium,Sales,Sales Executive
1234,18.1,Low,Research & Development,Laboratory Technician
1235,22.6,Low,Research & Development,Research Scientist
1237,14.4,Low,Research & Development,Manufacturing Director
1238,69.9,Medium,Research & Development,Research Scientist
1239,8.6,Low,Sales,Sales Executive
1240,87.2,Medium,Sales,Sales Executive
1241,69.0,Medium,Research & Development,Research Scientist
1242,96.2,High,Research & Development,Research Director
1243,56.5,Low,Sales,Sales Executive
1244,2.3,Low,Research & Development,Research Scientist
1245,92.3,High,Research & Development,Manufacturing Director
1246,91.8,High,Research & Development,Research Scientist
1248,83.2,Medium,Research & Development,Research Scientist
1249,21.3,Low,Research & Development,Research Scientist
1250,83.0,Medium,Research & Development,Research Director
1251,63.2,Medium,Research & Development,Healthcare Representative
1252,24.4,Low,Research & Development,Healthcare Representative
1254,16.0,Low,Sales,Sales Executive
1255,97.2,High,Research & Development,Research Director
1256,90.9,Medium,Research & Development,Manager
1257,9.0,Low,Research & Development,Research Scientist
1258,94.5,High,Research & Development,Laboratory Technician
1259,52.2,Low,Research & Development,Research Scientist
1260,22.3,Low,Research & Development,Healthcare Representative
1263,98.1,High,Research & Development,Research Director
1264,75.5,Medium,Research & Development,Research Director
1265,91.6,High,Research & Development,Research Scientist
1267,8.8,Low,Sales,Manager
1268,33.5,Low,Sales,Sales Executive
1269,93.0,High,Research & Development,Research Scientist
1270,10.3,Low,Research & Development,Research Scientist
1273,97.1,High,Sales,Sales Representative
1275,83.1,Medium,Research & Development,Research Scientist
1277,1.9,Low,Sales,Manager
1278,11.5,Low,Research & Development,Healthcare Representative
1279,21.6,Low,Research & Development,Laboratory Technician
1280,71.5,Medium,Sales,Manager
1281,84.1,Medium,Sales,Sales Executive
1282,95.7,High,Sales,Manager
1283,60.2,Medium,Research & Development,Manufacturing Director
1285,76.2,Medium,Research & Development,Laboratory Technician
1286,96.5,High,Research & Development,Laboratory Technician
1288,2.1,Low,Research & Development,Manager
1289,71.3,Medium,Human Resources,Human Resources
1291,60.6,Medium,Research & Development,Research Scientist
1292,97.7,High,Research & Development,Research Scientist
1293,91.0,High,Sales,Sales Executive
1294,85.3,Medium,Research & Development,Manufacturing Director
1295,39.1,Low,Research & Development,Healthcare Representative
1296,80.7,Medium,Research & Development,Laboratory Technician
1297,86.0,Medium,Research & Development,Laboratory Technician
1298,16.1,Low,Research & Development,Manufacturing Director
1299,34.0,Low,Research & Development,Laboratory Technician
1301,93.6,High,Research & Development,Research Scientist
1303,17.7,Low,Research & Development,Research Scientist
1304,76.8,Medium,Sales,Sales Executive
1306,8.6,Low,Research & Development,Manager
1307,81.4,Medium,Research & Development,Manager
1308,88.0,Medium,Research & Development,Research Scientist
1309,9.1,Low,Research & Development,Laboratory Technician
1310,25.4,Low,Research & Development,Research Scientist
1311,36.3,Low,Research & Development,Laboratory Technician
1312,47.4,Low,Research & Development,Healthcare Representative
1314,75.0,Medium,Human Resources,Human Resources
1315,86.9,Medium,Research & Development,Laboratory Technician
1317,25.0,Low,Research & Development,Research Director
1318,7.6,Low,Sales,Sales Executive
1319,81.5,Medium,Sales,Sales Executive
1321,19.1,Low,Research & Development,Manager
1322,88.1,Medium,Research & Development,Manufacturing Director
1324,94.4,High,Sales,Sales Executive
1329,12.8,Low,Sales,Sales Executive
1331,94.2,High,Sales,Sales Representative
1333,82.5,Medium,Research & Development,Laboratory Technician
1334,0.5,Low,Research & Development,Manager
1336,2.9,Low,Research & Development,Manager
1338,99.1,High,Human Resources,Manager
1340,9.1,Low,Research & Development,Research Scientist
1344,13.3,Low,Research & Development,Healthcare Representative
1346,71.1,Medium,Research & Development,Research Scientist
1349,7.0,Low,Sales,Sales Executive
1350,49.2,Low,Research & Development,Research Scientist
1352,95.7,High,Human Resources,Manager
1355,4.1,Low,Sales,Sales Executive
1356,24.9,Low,Sales,Sales Executive
1358,70.0,Medium,Research & Development,Laboratory Technician
1360,11.9,Low,Research & Development,Manufacturing Director
1361,14.5,Low,Research & Development,Laboratory Technician
1362,67.0,Medium,Sales,Sales Executive
1363,87.5,Medium,Research & Development,Manufacturing Director
1364,99.2,High,Sales,Sales Representative
1367,74.2,Medium,Research & Development,Manufacturing Director
1368,99.1,High,Research & Development,Laboratory Technician
1369,91.8,High,Research & Development,Laboratory Technician
1371,90.9,Medium,Sales,Sales Executive
1372,97.8,High,Sales,Sales Executive
1373,37.9,Low,Research & Development,Manufacturing Director
1374,31.3,Low,Research & Development,Research Scientist
1375,11.2,Low,Research & Development,Healthcare Representative
1377,36.4,Low,Research & Development,Laboratory Technician
1379,96.9,High,Sales,Sales Representative
1380,20.9,Low,Sales,Sales Executive
1382,83.9,Medium,Research & Development,Research Scientist
1383,20.7,Low,Research & Development,Healthcare Representative
1387,5.4,Low,Sales,Sales Executive
1389,16.1,Low,Research & Development,Manufacturing Director
1390,15.8,Low,Sales,Sales Executive
1391,88.6,Medium,Sales,Sales Executive
1392,34.8,Low,Research & Development,Research Scientist
1394,28.9,Low,Research & Development,Research Scientist
1395,15.1,Low,Sales,Sales Executive
1396,21.5,Low,Sales,Sales Executive
1397,4.5,Low,Research & Development,Healthcare Representative
1399,96.4,High,Sales,Sales Executive
1401,16.5,Low,Research & Development,Manufacturing Director
1402,94.1,High,Research & Development,Research Scientist
1403,87.8,Medium,Sales,Sales Executive
1405,92.4,High,Research & Development,Research Scientist
1407,84.1,Medium,Research & Development,Research Scientist
1408,66.0,Medium,Human Resources,Manager
1409,4.6,Low,Research & Development,Laboratory Technician
1411,40.6,Low,Research & Development,Laboratory Technician
1412,21.4,Low,Research & Development,Manufacturing Director
1415,30.2,Low,Research & Development,Laboratory Technician
1417,7.2,Low,Research & Development,Laboratory Technician
1419,36.5,Low,Human Resources,Human Resources
1420,19.9,Low,Research & Development,Laboratory Technician
1421,12.6,Low,Research & Development,Healthcare Representative
1422,6.2,Low,Research & Development,Research Director
1423,17.8,Low,Research & Development,Research Director
1424,4.9,Low,Research & Development,Research Director
1425,8.3,Low,Sales,Sales Executive
1427,11.2,Low,Sales,Sales Representative
1428,14.2,Low,Sales,Sales Executive
1430,90.6,Medium,Research & Development,Research Director
1431,85.5,Medium,Research & Development,Research Scientist
1433,5.6,Low,Research & Development,Research Scientist
1434,45.5,Low,Research & Development,Laboratory Technician
1435,72.2,Medium,Research & Development,Laboratory Technician
1436,23.9,Low,Sales,Sales Executive
1438,33.5,Low,Research & Development,Research Scientist
1439,88.5,Medium,Sales,Sales Representative
1440,78.0,Medium,Research & Development,Laboratory Technician
1441,13.0,Low,Research & Development,Research Scientist
1443,6.2,Low,Research & Development,Research Director
1445,82.4,Medium,Sales,Sales Executive
1446,12.8,Low,Sales,Sales Executive
1447,45.3,Low,Research & Development,Laboratory Technician
1448,8.9,Low,Research & Development,Research Scientist
1449,3.9,Low,Research & Development,Laboratory Technician
1453,87.2,Medium,Sales,Sales Executive
1457,15.9,Low,Sales,Sales Executive
1458,95.3,High,Research & Development,Laboratory Technician
1459,49.8,Low,Research & Development,Manufacturing Director
1460,9.1,Low,Research & Development,Healthcare Representative
1461,42.5,Low,Human Resources,Human Resources
1464,13.8,Low,Research & Development,Laboratory Technician
1465,81.3,Medium,Research & Development,Manufacturing Director
1466,20.3,Low,Sales,Sales Executive
1467,76.5,Medium,Human Resources,Human Resources
1468,11.3,Low,Research & Development,Research Director
1469,93.2,High,Sales,Sales Executive
1471,2.3,Low,Research & Development,Laboratory Technician
1472,92.6,High,Research & Development,Research Director
1473,56.6,Low,Research & Development,Healthcare Representative
1474,11.1,Low,Research & Development,Research Scientist
1475,72.8,Medium,Research & Development,Research Scientist
1477,83.0,Medium,Sales,Sales Executive
1478,2.9,Low,Sales,Sales Executive
1479,8.8,Low,Sales,Sales Executive
1480,78.3,Medium,Research & Development,Laboratory Technician
1481,99.9,High,Sales,Sales Executive
1482,78.0,Medium,Research & Development,Research Scientist
1483,9.7,Low,Research & Development,Research Scientist
1484,24.4,Low,Research & Development,Healthcare Representative
1485,9.4,Low,Research & Development,Research Director
1486,8.8,Low,Sales,Sales Representative
1487,91.6,High,Sales,Sales Executive
1489,8.1,Low,Sales,Sales Executive
1492,9.5,Low,Sales,Sales Representative
1494,98.7,High,Research & Development,Laboratory Technician
1495,84.5,Medium,Sales,Sales Representative
1496,84.3,Medium,Research & Development,Manufacturing Director
1497,90.3,Medium,Sales,Sales Executive
1499,89.0,Medium,Human Resources,Human Resources
1501,93.4,High,Research & Development,Healthcare Representative
1502,83.8,Medium,Research & Development,Laboratory Technician
1503,17.3,Low,Sales,Sales Executive
1504,89.0,Medium,Research & Development,Laboratory Technician
1506,31.9,Low,Research & Development,Research Scientist
1507,74.8,Medium,Sales,Sales Executive
1509,33.7,Low,Research & Development,Laboratory Technician
1513,75.6,Medium,Research & Development,Laboratory Technician
1514,85.7,Medium,Research & Development,Manufacturing Director
1515,95.6,High,Research & Development,Healthcare Representative
1516,73.2,Medium,Research & Development,Manager
1520,10.0,Low,Research & Development,Manager
1522,14.1,Low,Research & Development,Research Scientist
1523,95.0,High,Research & Development,Research Director
1525,86.4,Medium,Research & Development,Manufacturing Director
1527,99.4,High,Sales,Manager
1529,48.5,Low,Research & Development,Healthcare Representative
1533,2.6,Low,Research & Development,Laboratory Technician
1534,80.0,Medium,Research & Development,Laboratory Technician
1535,63.0,Medium,Sales,Sales Executive
1537,18.2,Low,Research & Development,Research Scientist
1539,11.0,Low,Research & Development,Research Director
1541,6.3,Low,Sales,Sales Representative
1542,97.2,High,Research & Development,Laboratory Technician
1543,94.0,High,Research & Development,Research Scientist
1544,11.1,Low,Research & Development,Healthcare Representative
1545,67.5,Medium,Research & Development,Manufacturing Director
1546,68.6,Medium,Research & Development,Research Scientist
1547,90.8,Medium,Research & Development,Healthcare Representative
1548,32.0,Low,Sales,Sales Executive
1549,10.1,Low,Research & Development,Laboratory Technician
1550,93.2,High,Human Resources,Manager
1551,35.4,Low,Research & Development,Laboratory Technician
1552,86.2,Medium,Research & Development,Healthcare Representative
1553,73.5,Medium,Research & Development,Healthcare Representative
1554,75.7,Medium,Sales,Sales Representative
1555,75.1,Medium,Research & Development,Research Scientist
1556,4.9,Low,Sales,Sales Representative
1557,30.2,Low,Sales,Sales Executive
1558,90.7,Medium,Research & Development,Research Scientist
1560,86.5,Medium,Sales,Sales Executive
1562,21.6,Low,Sales,Sales Executive
1563,32.5,Low,Human Resources,Human Resources
1564,84.3,Medium,Research & Development,Laboratory Technician
1568,74.1,Medium,Sales,Sales Executive
1569,99.6,High,Research & Development,Laboratory Technician
1572,98.0,High,Research & Development,Manufacturing Director
1573,15.0,Low,Research & Development,Manufacturing Director
1574,11.6,Low,Research & Development,Research Scientist
1576,17.6,Low,Research & Development,Research Scientist
1577,96.1,High,Research & Development,Research Scientist
1578,18.2,Low,Sales,Manager
1580,36.2,Low,Research & Development,Research Scientist
1581,91.8,High,Research & Development,Research Scientist
1582,15.6,Low,Sales,Sales Executive
1583,30.2,Low,Sales,Sales Executive
1585,96.3,High,Sales,Sales Executive
1586,4.7,Low,Research & Development,Laboratory Technician
1587,12.6,Low,Research & Development,Healthcare Representative
1588,28.0,Low,Sales,Sales Executive
1590,13.9,Low,Research & Development,Healthcare Representative
1591,98.9,High,Sales,Manager
1592,12.0,Low,Research & Development,Research Scientist
1594,20.1,Low,Research & Development,Laboratory Technician
1595,97.8,High,Research & Development,Manager
1596,94.2,High,Research & Development,Laboratory Technician
1597,19.8,Low,Research & Development,Healthcare Representative
1598,70.4,Medium,Sales,Sales Executive
1599,3.3,Low,Research & Development,Laboratory Technician
1601,97.0,High,Research & Development,Laboratory Technician
1602,91.5,High,Sales,Manager
1604,40.2,Low,Research & Development,Laboratory Technician
1605,7.7,Low,Research & Development,Research Scientist
1606,93.7,High,Research & Development,Healthcare Representative
1607,89.7,Medium,Research & Development,Research Scientist
1608,2.6,Low,Research & Development,Research Director
1609,74.6,Medium,Research & Development,Research Scientist
1611,75.4,Medium,Research & Development,Laboratory Technician
1612,80.6,Medium,Sales,Sales Executive
1613,17.1,Low,Sales,Sales Executive
1614,93.6,High,Research & Development,Manufacturing Director
1615,8.8,Low,Research & Development,Manufacturing Director
1617,86.3,Medium,Research & Development,Laboratory Technician
1618,97.9,High,Research & Development,Manufacturing Director
1619,51.7,Low,Research & Development,Laboratory Technician
1621,12.6,Low,Research & Development,Research Scientist
1622,36.7,Low,Research & Development,Manufacturing Director
1623,81.0,Medium,Research & Development,Research Scientist
1624,95.8,High,Sales,Sales Representative
1625,30.3,Low,Human Resources,Manager
1627,89.0,Medium,Research & Development,Laboratory Technician
1628,15.3,Low,Research & Development,Manufacturing Director
1630,13.4,Low,Research & Development,Healthcare Representative
1631,72.3,Medium,Research & Development,Manufacturing Director
1633,90.3,Medium,Research & Development,Manufacturing Director
1635,90.2,Medium,Research & Development,Manufacturing Director
1638,80.5,Medium,Research & Development,Manufacturing Director
1639,66.7,Medium,Sales,Sales Executive
1640,65.6,Medium,Research & Development,Research Scientist
1641,91.3,High,Research & Development,Manufacturing Director
1642,93.8,High,Human Resources,Human Resources
1644,60.2,Medium,Research & Development,Manager
1645,89.4,Medium,Sales,Sales Executive
1646,88.2,Medium,Research & Development,Research Scientist
1647,30.0,Low,Research & Development,Research Scientist
1648,93.8,High,Research & Development,Research Scientist
1649,97.0,High,Research & Development,Laboratory Technician
1650,87.2,Medium,Sales,Sales Executive
1651,85.4,Medium,Research & Development,Healthcare Representative
1653,55.3,Low,Research & Development,Manufacturing Director
1654,84.9,Medium,Research & Development,Manufacturing Director
1655,92.9,High,Research & Development,Research Director
1656,80.0,Medium,Research & Development,Research Director
1657,2.2,Low,Sales,Sales Representative
1658,70.5,Medium,Research & Development,Research Scientist
1659,96.0,High,Research & Development,Laboratory Technician
1661,85.5,Medium,Research & Development,Healthcare Representative
1662,91.0,High,Research & Development,Manufacturing Director
1664,13.8,Low,Research & Development,Healthcare Representative
1665,99.2,High,Research & Development,Manager
1666,82.2,Medium,Research & Development,Research Director
1667,75.2,Medium,Sales,Sales Executive
1668,3.9,Low,Research & Development,Research Scientist
1669,33.8,Low,Sales,Sales Executive
1670,17.2,Low,Sales,Sales Executive
1671,68.1,Medium,Research & Development,Research Scientist
1673,18.7,Low,Sales,Sales Executive
1674,62.4,Medium,Research & Development,Laboratory Technician
1675,90.7,Medium,Research & Development,Laboratory Technician
1676,25.5,Low,Sales,Manager
1677,7.9,Low,Research & Development,Manager
1678,17.7,Low,Sales,Sales Executive
1680,2.4,Low,Sales,Sales Representative
1681,77.9,Medium,Sales,Sales Executive
1682,26.6,Low,Research & Development,Healthcare Representative
1683,21.4,Low,Human Resources,Human Resources
1684,80.4,Medium,Research & Development,Laboratory Technician
1687,97.4,High,Research & Development,Laboratory Technician
1689,1.6,Low,Research & Development,Healthcare Representative
1691,66.1,Medium,Sales,Sales Representative
1692,96.1,High,Research & Development,Laboratory Technician
1693,82.1,Medium,Research & Development,Laboratory Technician
1694,84.3,Medium,Research & Development,Research Scientist
1696,49.1,Low,Research & Development,Laboratory Technician
1697,96.0,High,Research & Development,Healthcare Representative
1698,8.4,Low,Research & Development,Laboratory Technician
1700,5.6,Low,Sales,Sales Executive
1701,72.1,Medium,Research & Development,Research Scientist
1702,13.7,Low,Sales,Sales Representative
1703,65.2,Medium,Research & Development,Healthcare Representative
1704,12.8,Low,Research & Development,Research Scientist
1706,81.5,Medium,Sales,Sales Executive
1707,93.5,High,Research & Development,Research Scientist
1708,9.4,Low,Sales,Sales Executive
1709,16.8,Low,Research & Development,Laboratory Technician
1710,14.4,Low,Sales,Sales Representative
1712,74.4,Medium,Research & Development,Healthcare Representative
1714,99.3,High,Human Resources,Human Resources
1716,89.5,Medium,Sales,Sales Executive
1718,88.7,Medium,Research & Development,Laboratory Technician
1719,7.7,Low,Research & Development,Research Director
1720,82.5,Medium,Research & Development,Research Scientist
1721,85.5,Medium,Research & Development,Laboratory Technician
1722,92.1,High,Human Resources,Human Resources
1724,99.3,High,Research & Development,Manufacturing Director
1725,30.9,Low,Research & Development,Laboratory Technician
1727,89.0,Medium,Research & Development,Healthcare Representative
1728,17.0,Low,Research & Development,Manufacturing Director
1729,29.3,Low,Research & Development,Research Scientist
1731,99.9,High,Sales,Sales Executive
1732,41.5,Low,Sales,Sales Executive
1733,93.4,High,Sales,Sales Executive
1734,92.6,High,Sales,Sales Executive
1735,87.8,Medium,Research & Development,Laboratory Technician
1736,86.8,Medium,Research & Development,Manufacturing Director
1737,9.6,Low,Research & Development,Laboratory Technician
1739,25.7,Low,Sales,Sales Executive
1740,92.6,High,Sales,Manager
1744,55.8,Low,Human Resources,Human Resources
1745,84.8,Medium,Research & Development,Research Scientist
1746,97.2,High,Human Resources,Human Resources
1747,88.1,Medium,Human Resources,Human Resources
1749,85.0,Medium,Sales,Sales Executive
1751,26.2,Low,Research & Development,Research Scientist
1752,9.8,Low,Sales,Sales Representative
1753,25.1,Low,Research & Development,Healthcare Representative
1754,89.9,Medium,Sales,Sales Executive
1755,25.9,Low,Research & Development,Research Scientist
1756,23.6,Low,Sales,Sales Executive
1757,21.9,Low,Sales,Sales Executive
1758,96.7,High,Sales,Sales Executive
1760,42.0,Low,Research & Development,Laboratory Technician
1761,94.8,High,Sales,Sales Executive
1762,92.1,High,Research & Development,Research Scientist
1763,65.2,Medium,Research & Development,Healthcare Representative
1764,71.9,Medium,Research & Development,Research Scientist
1766,92.9,High,Research & Development,Healthcare Representative
1767,68.3,Medium,Research & Development,Research Scientist
1768,3.3,Low,Research & Development,Laboratory Technician
1770,98.9,High,Research & Development,Research Director
1771,82.2,Medium,Research & Development,Research Scientist
1772,10.7,Low,Research & Development,Laboratory Technician
1774,79.1,Medium,Sales,Sales Executive
1775,96.7,High,Research & Development,Manufacturing Director
1778,23.5,Low,Human Resources,Human Resources
1779,69.0,Medium,Sales,Sales Executive
1780,14.0,Low,Sales,Sales Representative
1782,28.7,Low,Research & Development,Laboratory Technician
1783,69.3,Medium,Research & Development,Laboratory Technician
1784,49.3,Low,Sales,Sales Executive
1786,93.3,High,Research & Development,Manager
1787,20.2,Low,Sales,Sales Executive
1789,76.0,Medium,Research & Development,Research Director
1790,40.7,Low,Research & Development,Healthcare Representative
1792,9.9,Low,Research & Development,Research Scientist
1794,17.3,Low,Human Resources,Human Resources
1797,22.0,Low,Sales,Sales Executive
1798,44.1,Low,Research & Development,Research Scientist
1799,61.2,Medium,Research & Development,Research Scientist
1800,9.6,Low,Research & Development,Research Director
1801,77.3,Medium,Sales,Sales Executive
1802,92.9,High,Research & Development,Laboratory Technician
1803,99.4,High,Research & Development,Healthcare Representative
1804,20.9,Low,Research & Development,Manufacturing Director
1805,17.9,Low,Human Resources,Human Resources
1807,47.2,Low,Research & Development,Laboratory Technician
1809,22.4,Low,Research & Development,Manufacturing Director
1812,10.3,Low,Sales,Sales Executive
1813,13.4,Low,Research & Development,Research Scientist
1814,14.7,Low,Research & Development,Healthcare Representative
1815,71.4,Medium,Sales,Sales Executive
1816,5.7,Low,Research & Development,Manufacturing Director
1818,5.9,Low,Human Resources,Human Resources
1821,8.1,Low,Research & Development,Healthcare Representative
1822,83.3,Medium,Research & Development,Healthcare Representative
1823,70.3,Medium,Sales,Sales Executive
1824,90.0,Medium,Sales,Manager
1826,95.0,High,Research & Development,Laboratory Technician
1827,65.8,Medium,Research & Development,Manufacturing Director
1829,91.2,High,Research & Development,Healthcare Representative
1830,4.0,Low,Research & Development,Research Scientist
1833,12.0,Low,Sales,Sales Executive
1834,15.5,Low,Research & Development,Research Scientist
1835,2.8,Low,Sales,Sales Representative
1836,17.6,Low,Sales,Sales Executive
1837,8.5,Low,Research & Development,Research Director
1839,36.7,Low,Research & Development,Research Scientist
1842,98.7,High,Human Resources,Human Resources
1844,10.5,Low,Human Resources,Human Resources
1845,77.2,Medium,Sales,Sales Executive
1847,98.6,High,Research & Development,Research Scientist
1849,91.9,High,Sales,Sales Executive
1850,12.0,Low,Research & Development,Laboratory Technician
1852,17.6,Low,Research & Development,Laboratory Technician
1853,87.2,Medium,Sales,Sales Executive
1854,8.2,Low,Research & Development,Research Scientist
1856,10.4,Low,Research & Development,Laboratory Technician
1857,78.7,Medium,Research & Development,Manufacturing Director
1858,88.6,Medium,Human Resources,Human Resources
1859,23.6,Low,Research & Development,Healthcare Representative
1860,96.7,High,Research & Development,Laboratory Technician
1862,12.6,Low,Sales,Sales Executive
1863,13.6,Low,Sales,Sales Executive
1864,10.8,Low,Sales,Sales Representative
1865,95.6,High,Human Resources,Human Resources
1866,4.0,Low,Research & Development,Manager
1867,69.4,Medium,Research & Development,Research Director
1868,16.3,Low,Research & Development,Research Scientist
1869,9.7,Low,Sales,Sales Executive
1870,23.5,Low,Research & Development,Research Scientist
1871,96.6,High,Research & Development,Research Scientist
1873,96.1,High,Research & Development,Research Scientist
1875,95.9,High,Sales,Sales Representative
1876,83.7,Medium,Sales,Sales Representative
1878,99.1,High,Research & Development,Research Scientist
1880,71.9,Medium,Sales,Sales Executive
1881,69.0,Medium,Research & Development,Laboratory Technician
1882,62.1,Medium,Sales,Sales Executive
1883,91.8,High,Research & Development,Laboratory Technician
1885,65.7,Medium,Research & Development,Research Scientist
1886,23.7,Low,Research & Development,Manufacturing Director
1888,32.7,Low,Research & Development,Manufacturing Director
1890,90.0,Medium,Human Resources,Human Resources
1892,88.5,Medium,Research & Development,Manager
1893,34.0,Low,Research & Development,Research Scientist
1898,93.4,High,Sales,Sales Executive
1900,68.6,Medium,Research & Development,Manager
1903,94.9,High,Research & Development,Healthcare Representative
1905,7.7,Low,Research & Development,Research Scientist
1907,5.1,Low,Research & Development,Laboratory Technician
1908,78.2,Medium,Sales,Sales Executive
1909,7.8,Low,Sales,Sales Executive
1911,97.0,High,Research & Development,Research Director
1912,38.0,Low,Sales,Sales Executive
1915,19.7,Low,Sales,Sales Executive
1916,18.3,Low,Research & Development,Laboratory Technician
1918,15.6,Low,Research & Development,Laboratory Technician
1922,95.2,High,Research & Development,Healthcare Representative
1924,46.5,Low,Sales,Sales Executive
1927,74.8,Medium,Sales,Sales Executive
1928,20.9,Low,Sales,Sales Representative
1929,86.9,Medium,Sales,Sales Executive
1931,24.8,Low,Research & Development,Research Scientist
1932,14.5,Low,Research & Development,Research Scientist
1933,8.2,Low,Sales,Sales Executive
1934,70.4,Medium,Research & Development,Research Scientist
1935,99.9,High,Sales,Sales Executive
1936,77.2,Medium,Research & Development,Manufacturing Director
1937,94.3,High,Research & Development,Research Scientist
1938,9.8,Low,Sales,Manager
1939,11.8,Low,Research & Development,Research Scientist
1940,8.3,Low,Research & Development,Research Scientist
1941,8.5,Low,Research & Development,Research Director
1943,99.8,High,Sales,Sales Executive
1944,94.9,High,Human Resources,Human Resources
1945,53.6,Low,Sales,Sales Executive
1947,23.5,Low,Research & Development,Research Scientist
1948,25.7,Low,Research & Development,Research Scientist
1949,11.3,Low,Research & Development,Laboratory Technician
1950,62.8,Medium,Sales,Sales Executive
1951,2.2,Low,Sales,Sales Executive
1952,35.7,Low,Research & Development,Laboratory Technician
1954,92.8,High,Research & Development,Healthcare Representative
1955,70.8,Medium,Research & Development,Healthcare Representative
1956,69.8,Medium,Research & Development,Research Scientist
1960,5.4,Low,Research & Development,Laboratory Technician
1961,94.3,High,Sales,Sales Representative
1962,9.5,Low,Sales,Sales Executive
1965,43.4,Low,Sales,Sales Executive
1966,88.4,Medium,Research & Development,Manufacturing Director
1967,44.9,Low,Sales,Sales Executive
1968,83.6,Medium,Sales,Sales Executive
1969,6.7,Low,Research & Development,Research Scientist
1970,13.3,Low,Research & Development,Healthcare Representative
1971,24.9,Low,Research & Development,Healthcare Representative
1972,16.8,Low,Human Resources,Human Resources
1973,98.8,High,Human Resources,Manager
1974,97.0,High,Research & Development,Laboratory Technician
1975,18.7,Low,Sales,Sales Executive
1976,83.8,Medium,Research & Development,Research Scientist
1979,80.9,Medium,Research & Development,Research Director
1980,5.3,Low,Research & Development,Manufacturing Director
1981,93.6,High,Research & Development,Healthcare Representative
1982,95.4,High,Research & Development,Laboratory Technician
1985,22.4,Low,Research & Development,Laboratory Technician
1986,18.4,Low,Sales,Sales Executive
1987,87.4,Medium,Human Resources,Human Resources
1989,16.1,Low,Research & Development,Laboratory Technician
1992,5.3,Low,Research & Development,Laboratory Technician
1993,16.4,Low,Research & Development,Healthcare Representative
1994,97.5,High,Research & Development,Laboratory Technician
1995,87.7,Medium,Sales,Sales Executive
1996,15.4,Low,Sales,Sales Representative
1997,53.2,Low,Research & Development,Manufacturing Director
1998,89.1,Medium,Research & Development,Research Scientist
1999,8.5,Low,Research & Development,Research Scientist
2000,93.7,High,Research & Development,Research Director
2003,91.6,High,Research & Development,Laboratory Technician
2007,7.8,Low,Research & Development,Research Scientist
2008,12.4,Low,Research & Development,Research Scientist
2009,77.9,Medium,Research & Development,Healthcare Representative
2010,22.5,Low,Research & Development,Laboratory Technician
2012,28.1,Low,Research & Development,Laboratory Technician
2013,24.8,Low,Sales,Sales Representative
2014,4.8,Low,Research & Development,Research Scientist
2015,3.9,Low,Research & Development,Research Director
2016,72.7,Medium,Sales,Sales Executive
2017,8.0,Low,Research & Development,Research Director
2018,12.1,Low,Sales,Sales Executive
2019,9.6,Low,Sales,Sales Representative
2020,83.9,Medium,Research & Development,Research Scientist
2021,5.6,Low,Sales,Sales Representative
2022,94.3,High,Research & Development,Manager
2023,96.0,High,Sales,Sales Representative
2024,28.3,Low,Sales,Sales Executive
2025,88.3,Medium,Research & Development,Manufacturing Director
2026,36.1,Low,Research & Development,Healthcare Representative
2027,9.0,Low,Research & Development,Research Scientist
2031,4.9,Low,Research & Development,Manager
2032,6.0,Low,Research & Development,Laboratory Technician
2034,13.7,Low,Research & Development,Manufacturing Director
2035,45.9,Low,Sales,Sales Executive
2036,74.1,Medium,Sales,Sales Executive
2037,2.6,Low,Sales,Sales Executive
2038,28.9,Low,Research & Development,Research Scientist
2040,6.4,Low,Human Resources,Human Resources
2041,12.7,Low,Sales,Sales Executive
2044,12.8,Low,Sales,Sales Executive
2045,30.1,Low,Sales,Sales Executive
2046,6.8,Low,Sales,Sales Executive
2048,93.4,High,Research & Development,Research Scientist
2049,70.8,Medium,Research & Development,Healthcare Representative
2051,14.6,Low,Research & Development,Research Scientist
2052,12.8,Low,Research & Development,Research Scientist
2053,29.7,Low,Research & Development,Laboratory Technician
2054,68.1,Medium,Research & Development,Research Scientist
2055,21.9,Low,Sales,Sales Executive
2056,80.1,Medium,Sales,Sales Executive
2057,72.5,Medium,Research & Development,Manufacturing Director
2060,7.4,Low,Sales,Sales Representative
2061,88.6,Medium,Research & Development,Laboratory Technician
2062,37.9,Low,Research & Development,Healthcare Representative
2064,79.0,Medium,Research & Development,Manufacturing Director
2065,22.1,Low,Sales,Sales Executive
2068,85.3,Medium,Research & Development,Laboratory Technician
